nome,endereco,estado,cpf,data,idade
Sr. Vitor Gabriel Silva,"trevo emanuel silva, 482
vila tirol
47847085 pereira / ap",RONDÔNIA,640.719.385-01,1933-12-06,90
Calebe Santos,"recanto moraes, 7
ernesto nascimento
96497-621 da rosa / pb",RIO DE JANEIRO,651.297.384-46,1984-03-06,40
Maria Julia Castro,"residencial de pereira, 20
jatobá
62127-165 gomes de santos / al",PERNAMBUCO,164.750.293-43,1947-04-12,76
Arthur Da Rosa,"parque almeida, 66
vila suzana segunda seção
09805-686 santos / se",SANTA CATARINA,085.167.249-30,1970-04-16,53
Juan Pereira,"rodovia de pereira, 51
estrela
44830637 mendes de moraes / ba",RIO DE JANEIRO,520.876.319-21,1955-10-25,68
Dra. Ana Laura Ribeiro,"esplanada lavínia ramos
são francisco
39467-536 da mata / sp",DISTRITO FEDERAL,210.764.589-20,1954-05-09,69
Maria Clara Araújo,"praça cavalcanti, 65
conjunto celso machado
97788-105 vieira / ro",PARANÁ,960.342.175-80,1983-03-14,41
Vitória Oliveira,"esplanada monteiro, 88
conjunto paulo vi
06403-281 moraes / go",RORAIMA,302.568.479-83,1993-03-10,31
Benjamin Oliveira,"ladeira monteiro, 57
vila primeiro de maio
76835-491 moura dos dourados / ce",ACRE,451.896.703-84,1974-05-16,49
Pietro Barros,"recanto luiz miguel jesus, 35
vila aeroporto jaraguá
50536-588 oliveira de goiás / pb",MINAS GERAIS,843.095.172-50,1972-08-19,51
Samuel Cavalcanti,"ladeira de porto, 38
nova america
91782042 barros de da mata / to",RORAIMA,520.679.841-01,1934-11-26,89
Ian Da Costa,"via de jesus, 57
vila da amizade
93849-206 correia / pb",GOIÁS,384.172.609-78,2001-01-21,23
Dr. Emanuel Costa,"lago castro, 94
mariano de abreu
24415-900 porto / rj",GOIÁS,736.581.942-19,1969-03-09,55
Larissa Da Cruz,"setor isadora da rosa, 583
chácara leonina
20125668 teixeira / rr",MATO GROSSO DO SUL,128.953.704-60,1940-11-22,83
Diogo Carvalho,"viaduto pedro lucas cavalcanti, 49
tiradentes
27653-901 rezende / rs",MARANHÃO,078.153.294-97,1941-03-10,83
Sr. Anthony Almeida,"rua vitor hugo pinto, 21
anchieta
08712074 ramos / rj",BAHIA,305.184.962-60,1987-02-03,37
Clara Martins,"rodovia aragão, 245
conjunto lagoa
61224-422 pinto / mg",BAHIA,397.201.856-86,1947-03-14,77
Dr. Luiz Felipe Cardoso,"alameda de lima, 65
boa esperança
49621639 fernandes de moraes / pe",AMAPÁ,374.691.850-20,1954-07-20,69
Sr. Calebe Lopes,"trecho lucas sales, 24
dom bosco
09228582 da cunha alegre / ro",CEARÁ,135.796.802-77,1961-10-19,62
Miguel Monteiro,"passarela igor novaes, 89
pompéia
32670-098 martins / se",ACRE,097.521.834-41,1969-06-27,54
Srta. Catarina Da Mata,"sítio luna carvalho, 98
novo santa cecilia
32066-338 nunes / am",ACRE,468.751.390-57,1942-07-05,81
João Gabriel Araújo,"esplanada de castro, 4
vila nova cachoeirinha 1ª seção
69704-913 pires / mt",RORAIMA,625.904.731-25,1950-09-13,73
Sr. Nicolas Azevedo,"estrada de aragão, 1
vila barragem santa lúcia
49120-746 campos / ac",RIO DE JANEIRO,036.458.921-33,1989-01-18,35
Kamilly Caldeira,"via gabriela nascimento
madre gertrudes
45044395 nascimento do galho / ap",MATO GROSSO DO SUL,508.379.462-47,1979-07-04,44
Renan Araújo,"travessa vinicius da mata, 52
alta tensão 1ª seção
66380-981 dias do campo / ce",SÃO PAULO,186.970.354-57,1945-03-06,79
Vicente Nascimento,"largo vieira
milionario
78970057 dias / df",CEARÁ,054.921.378-32,1961-02-22,63
Isaac Rocha,"área lucas gabriel silveira, 51
anchieta
55284-530 rocha / pe",RIO DE JANEIRO,873.402.691-69,1966-11-30,57
Julia Das Neves,"jardim isabelly gomes, 23
nossa senhora de fátima
81186-838 da luz da serra / es",PARANÁ,819.402.563-05,1963-08-28,60
Breno Rodrigues,"distrito de silveira
dona clara
14225405 araújo / am",MARANHÃO,196.540.732-34,1928-10-24,95
Isabel Nogueira,"travessa ana júlia da rocha
miramar
01287083 fogaça do oeste / to",PIAUÍ,968.502.347-65,1960-10-21,63
Anthony Araújo,"avenida milena pires, 360
vila rica
71412995 pereira / ap",TOCANTINS,208.157.463-26,1985-09-07,38
Sra. Marina Da Cunha,"rodovia marcelo souza, 25
estrela
24438186 vieira / rn",AMAZONAS,067.152.389-95,1968-09-09,55
Helena Cardoso,"pátio alexandre teixeira, 243
indaiá
21474228 cavalcanti paulista / rr",PARANÁ,853.471.906-39,1972-05-29,51
Luigi Nunes,"via clara da rosa, 928
castelo
87117-636 caldeira de campos / rr",RORAIMA,593.204.186-24,1973-06-17,50
Srta. Raquel Da Costa,"estação ribeiro, 46
venda nova
45512787 silva / pb",AMAZONAS,278.534.619-09,1965-05-07,58
Sra. Ana Vitória Oliveira,"sítio de cavalcanti, 97
juliana
21342254 monteiro de campos / pa",SANTA CATARINA,120.347.586-17,1963-11-01,60
Luiza Campos,"condomínio de rodrigues, 52
conjunto providencia
93625-248 da luz / sc",TOCANTINS,974.281.306-03,1972-01-13,52
Lucca Da Paz,"rodovia vieira, 63
conjunto taquaril
85325522 pires / rn",TOCANTINS,526.980.731-95,1952-04-14,71
Nathan Da Rosa,"recanto de da conceição, 1
paraíso
52583-232 sales / am",CEARÁ,907.231.564-25,1992-11-05,31
Lívia Silveira,"setor de azevedo, 375
castanheira
56381800 teixeira das pedras / al",MATO GROSSO DO SUL,804.125.796-85,1962-11-22,61
Isabel Cavalcanti,"ladeira pietra cunha, 13
vista alegre
86652477 monteiro / pa",PARÁ,492.768.130-04,1969-05-10,54
Rafael Nunes,"vereda davi lucca barbosa, 35
estrela do oriente
38759-767 rodrigues de goiás / go",GOIÁS,285.917.604-76,1985-08-28,38
Elisa Fogaça,"rodovia ana júlia araújo, 68
vila real 2ª seção
22775-108 da mata dos dourados / pe",MARANHÃO,572.840.693-92,1928-12-13,95
Agatha Ramos,"distrito de barros, 41
suzana
54500-129 da rocha / rj",RORAIMA,948.061.752-85,2000-12-03,23
Kamilly Rocha,"feira campos, 17
cruzeiro
01967-483 ribeiro de pires / df",CEARÁ,946.031.875-48,1964-09-19,59
Antônio Das Neves,"avenida vitor hugo cardoso, 34
vila são rafael
96831280 da cunha / sc",RIO GRANDE DO SUL,435.698.712-82,1983-07-31,40
Luiz Gustavo Alves,"rodovia de souza, 63
vila nova dos milionarios
81275-813 rocha / ms",RIO GRANDE DO SUL,198.506.473-10,1978-07-08,45
Emanuella Fernandes,"residencial ian da paz, 6
padre eustáquio
41928916 fernandes de correia / pr",RONDÔNIA,097.184.263-96,1936-07-21,87
Srta. Ana Beatriz Farias,"ladeira de da paz, 98
jardim dos comerciarios
48285699 ribeiro / pe",ACRE,431.975.068-39,1961-08-07,62
Yago Monteiro,"ladeira pereira, 21
buraco quente
50425764 fogaça verde / ba",MARANHÃO,865.279.143-00,1979-06-22,44
Yasmin Gonçalves,"área barros, 46
salgado filho
98637-706 alves de goiás / ba",PARANÁ,017.459.382-14,1947-09-26,76
Bruna Nascimento,"vereda luiz felipe costa, 70
minaslandia
23088133 moraes / df",RORAIMA,132.695.407-52,1989-04-13,34
Davi Luiz Nogueira,"vila sales, 97
paquetá
59231544 da luz grande / es",PERNAMBUCO,873.045.912-50,1926-12-20,97
Ian Monteiro,"favela alana ribeiro, 318
casa branca
79179-607 barros da praia / ms",CEARÁ,324.157.968-91,1999-12-11,24
Srta. Helena Silva,"parque freitas, 82
ouro minas
59029142 lima da prata / ac",TOCANTINS,905.164.728-01,1988-11-14,35
Bárbara Novaes,"trecho bryan da cunha, 1
betânia
61163162 correia verde / pa",AMAZONAS,038.496.512-15,1935-05-24,88
Sr. Pedro Lucas Costela,"esplanada moreira
pindura saia
93675777 da cunha da mata / es",MINAS GERAIS,534.870.296-00,1993-08-24,30
Rafael Jesus,"campo de barros, 16
silveira
43534-126 duarte do galho / df",CEARÁ,673.105.482-80,2001-08-16,22
Sra. Alícia Caldeira,"distrito esther campos, 264
apolonia
13908-226 souza / pa",TOCANTINS,051.382.694-70,1934-12-04,89
Danilo Martins,"largo pires, 78
bacurau
13125523 sales verde / ap",PIAUÍ,760.389.541-39,1925-03-30,99
Sr. Gabriel Da Rosa,"campo isabelly freitas
novo santa cecilia
94562211 da mata / ce",ACRE,530.641.782-53,1974-09-10,49
Augusto Teixeira,"favela maria novaes
savassi
60241424 da costa das flores / rr",RIO GRANDE DO SUL,412.563.970-16,1954-11-15,69
Ana Julia Da Rosa,"trevo moraes, 5
cônego pinheiro 1ª seção
38769-503 ramos de rocha / sp",RIO GRANDE DO SUL,630.549.782-65,1981-10-10,42
Lucca Barbosa,"rua mendes, 337
penha
06179-472 sales do sul / sp",MINAS GERAIS,836.109.275-77,1926-06-12,97
Amanda Da Costa,"lagoa cardoso, 1
ambrosina
61793-758 da rocha / sp",MATO GROSSO,268.935.074-29,2000-11-20,23
Dr. Francisco Cardoso,"lago maitê campos, 31
braúnas
72279-259 costa do sul / to",PARANÁ,430.297.815-50,1927-10-30,96
Lorena Farias,"residencial barbosa, 44
zilah sposito
26601655 aragão de goiás / ap",RIO GRANDE DO SUL,268.517.934-82,1931-04-17,92
Anthony Da Costa,"recanto de rocha, 68
conjunto califórnia i
12467-132 jesus do norte / se",SANTA CATARINA,935.287.104-97,1988-02-13,36
Cauã Rodrigues,"vale gustavo henrique alves, 50
vila madre gertrudes 4ª seção
75200-837 correia grande / al",MATO GROSSO DO SUL,107.286.439-87,1926-02-11,98
Anthony Barbosa,"vila farias
vila satélite
80983484 gonçalves de fogaça / rn",ALAGOAS,631.750.489-00,1937-08-19,86
Ana Julia Almeida,"fazenda de porto, 3
senhor dos passos
60244655 mendes / ma",MATO GROSSO,179.386.425-09,2001-07-20,22
Milena Barros,"setor miguel pires, 3
ermelinda
63141374 pires / pa",RIO GRANDE DO NORTE,314.602.985-51,1950-08-04,73
Murilo Gomes,"morro de castro
vila pilar
68132710 vieira do sul / sp",CEARÁ,759.083.641-93,1924-05-22,99
Daniel Barbosa,"praça ferreira, 764
vila sumaré
04459429 teixeira da serra / ce",DISTRITO FEDERAL,812.035.469-98,1995-10-05,28
Dr. Samuel Cardoso,"vereda cauê novaes, 14
conjunto califórnia ii
17511624 caldeira / ba",DISTRITO FEDERAL,039.124.687-96,1977-03-20,47
Ana Laura Sales,"fazenda de pinto, 42
são jorge 1ª seção
94419954 correia de mendes / pr",RONDÔNIA,863.247.190-22,1945-11-24,78
Mariana Cunha,"loteamento luiz felipe teixeira, 87
novo ouro preto
09824175 araújo / am",RORAIMA,492.537.016-25,1942-07-24,81
Sr. João Guilherme Cavalcanti,"quadra emanuella da conceição, 29
cruzeiro
48756-294 fogaça de correia / ms",RIO GRANDE DO NORTE,347.156.029-70,1985-09-30,38
Kamilly Rocha,"rodovia danilo costa, 17
alta tensão 2ª seção
93173-991 almeida do oeste / ms",PIAUÍ,365.248.907-10,1960-10-29,63
Gabriel Nunes,"vila stephany lima
vista do sol
43271006 costa / pa",AMAZONAS,940.813.762-04,1968-11-21,55
Rafael Correia,"morro de cardoso, 47
marçola
82157940 melo / se",PIAUÍ,579.042.183-05,1952-01-03,72
Ana Lívia Barbosa,"lagoa sarah azevedo
monsenhor messias
68691-716 nunes / ce",PARÁ,925.164.380-60,1961-05-30,62
Maitê Teixeira,"loteamento oliveira, 29
camponesa 1ª seção
35499227 da rosa do oeste / pe",RIO GRANDE DO SUL,694.815.037-39,1933-05-11,90
Carlos Eduardo Santos,"largo nascimento, 97
delta
00090-218 barbosa / pr",RONDÔNIA,937.815.426-37,1955-03-29,69
Enzo Gabriel Araújo,Endereço não informado!!,RIO GRANDE DO SUL,349.682.017-96,1953-09-15,70
Breno Moreira,"aeroporto de das neves, 7
vila sumaré
05152-623 correia das flores / al",PARANÁ,184.762.950-49,1984-03-23,40
Julia Lopes,"conjunto de cardoso, 5
vila minaslandia
42663-889 castro / pr",RORAIMA,106.893.247-31,1977-02-13,47
André Lima,"viaduto cardoso
belmonte
18780-365 monteiro do campo / ro",ALAGOAS,645.098.123-70,1944-11-06,79
João Gabriel Barbosa,"fazenda de barros
boa esperança
74227859 da costa / df",AMAPÁ,190.657.428-67,1969-02-23,55
,"colônia maria vitória moura
aarão reis
87984-967 rocha de minas / go",CEARÁ,438.765.902-56,2002-04-13,21
João Felipe Oliveira,"avenida de cardoso
madre gertrudes
39614351 porto do amparo / rn",DISTRITO FEDERAL,830.679.415-00,1981-10-18,42
Samuel Vieira,"lagoa leandro caldeira, 1
chácara leonina
51972-241 mendes / mt",RORAIMA,218.305.764-53,1984-07-02,39
Lucca Ferreira,"esplanada de das neves, 5
andiroba
55857-900 moraes do amparo / mg",PERNAMBUCO,237.984.561-19,1938-03-30,86
Samuel Castro,"praia eloah da mata, 95
cachoeirinha
76620-467 melo / al",AMAZONAS,582.630.419-70,1954-02-04,70
Maria Vitória Teixeira,"praia carvalho, 7
vila nova
08272068 costela / pa",MATO GROSSO DO SUL,426.753.091-25,1962-12-16,61
Maria Fernanda Farias,"área de correia, 44
chácara leonina
16210070 nunes do sul / am",RIO GRANDE DO NORTE,907.143.856-20,2001-07-18,22
Fernanda Sales,"vale lorenzo almeida, 80
vila mantiqueira
39381-620 alves grande / pe",RIO GRANDE DO SUL,879.354.102-32,1953-02-05,71
Srta. Eduarda Nogueira,"chácara isadora das neves
vila da amizade
25121623 ribeiro / pb",RONDÔNIA,602.751.493-07,1958-01-13,66
Maitê Ferreira,"estação cunha
calafate
29389355 rocha de gonçalves / pr",SANTA CATARINA,016.542.973-99,1958-04-24,65
Catarina Pires,"loteamento de lima, 1
vila primeiro de maio
16602-243 vieira da mata / mt",MATO GROSSO DO SUL,079.186.425-11,1977-01-28,47
Manuela Da Rocha,"alameda de gonçalves, 79
saudade
47129-674 dias / sp",PARAÍBA,839.561.470-57,1949-05-21,74
Nina Moura,"quadra bernardo ferreira, 85
marieta 1ª seção
48882-146 lima de barbosa / pa",ACRE,604.173.592-25,1977-07-23,46
Pedro Henrique Vieira,"rodovia alícia dias, 58
vila boa vista
14088-768 campos de porto / rr",PARANÁ,526.839.107-03,1981-08-14,42
Ana Clara Cunha,"rua de cavalcanti, 8
vila da paz
01240048 souza da serra / ac",ESPÍRITO SANTO,862.953.107-02,1987-04-09,36
Pietra Santos,"esplanada de silva, 1
vila puc
06033-930 alves de lopes / go",SANTA CATARINA,508.672.194-67,1929-06-14,94
Sr. Theo Da Conceição,"viaduto de freitas, 12
centro
41526-260 da cruz dos dourados / rr",SÃO PAULO,284.517.309-14,1998-10-04,25
Vinicius Da Costa,"recanto valentina pinto, 52
satelite
97787-119 mendes de barbosa / pa",SÃO PAULO,023.916.457-16,1958-06-03,65
Pedro Henrique Cunha,"passarela de santos, 501
vila atila de paiva
81047029 oliveira / es",PARÁ,519.304.678-93,1965-06-03,58
Davi Nogueira,"morro lucca da rocha, 40
bandeirantes
05301527 nascimento / ce",TOCANTINS,564.829.170-11,1949-12-14,74
Luiz Fernando Da Paz,"praça de da paz, 5
conjunto jardim filadélfia
17691-504 cavalcanti / to",MATO GROSSO,409.816.257-11,1943-04-30,80
Srta. Letícia Rocha,"fazenda joão felipe souza, 78
nova pampulha
08184872 cunha / sc",SERGIPE,137.580.942-32,1947-12-01,76
João Nogueira,"rodovia cauê monteiro, 50
heliopolis
61521177 martins paulista / ce",RIO GRANDE DO NORTE,367.189.054-10,1933-02-22,91
João Gabriel Cardoso,"área de ferreira, 20
vila independencia 2ª seção
75695006 melo / ac",MINAS GERAIS,962.405.713-34,1970-07-13,53
Ryan Ribeiro,"núcleo almeida, 41
vila são paulo
63386-457 novaes / pb",ALAGOAS,409.157.683-48,1928-12-18,95
Olivia Das Neves,"lagoa de vieira, 25
paquetá
66090560 pereira do campo / al",RORAIMA,314.927.586-55,2001-01-27,23
Sr. Luiz Miguel Pinto,"conjunto da luz, 6
chácara leonina
95186702 silva / sc",SÃO PAULO,942.816.507-76,1968-04-17,55
Elisa Teixeira,"ladeira de rodrigues, 58
vila são francisco
18153-240 da mata / es",RONDÔNIA,217.439.856-73,1944-05-07,79
Pedro Miguel Das Neves,"jardim de nascimento, 7
engenho nogueira
72911-524 moreira do galho / rs",RIO DE JANEIRO,523.976.081-03,1964-12-15,59
Maria Luiza Azevedo,"quadra de da cruz, 42
vila jardim montanhes
11782275 mendes / pe",SERGIPE,064.253.879-47,1947-04-29,76
Lorenzo Silva,"conjunto de da cruz, 1
mariano de abreu
82687-160 azevedo de silva / rj",AMAZONAS,642.397.018-13,1976-05-09,47
Bianca Souza,"colônia francisco campos, 7
vila betânia
47223-561 da costa do galho / sc",BAHIA,673.295.108-40,1926-05-25,97
Vitor Azevedo,"largo de barbosa
vila nova gameleira 1ª seção
37778-485 lima / al",RORAIMA,643.978.150-20,1953-11-01,70
Enzo Gabriel Lima,"aeroporto rezende
santo antônio
22751419 melo de porto / sp",SANTA CATARINA,187.604.952-94,1967-01-28,57
Eduarda Cunha,"campo de pinto, 72
santana do cafezal
22684962 porto / pi",SÃO PAULO,093.821.745-32,1964-09-17,59
Sra. Nicole Da Rocha,"setor de ferreira, 742
vila antena
59176-949 santos / rr",AMAZONAS,367.082.149-03,1944-10-10,79
Ana Clara Santos,"ladeira de sales, 15
vila são francisco
18447153 das neves / df",PARAÍBA,430.629.781-04,1988-04-15,35
Enzo Gabriel Castro,"ladeira de teixeira
são geraldo
49881-890 rodrigues / pb",PIAUÍ,694.253.078-65,1927-07-11,96
Nicole Ferreira,"aeroporto duarte, 9
funcionários
49849669 silva do sul / es",AMAZONAS,701.839.246-22,1996-02-11,28
Erick Sales,"trecho de martins, 51
vila santa monica 1ª seção
87398-775 nogueira alegre / pr",CEARÁ,498.357.160-48,1986-09-13,37
Anthony Barros,"vila alexia viana, 87
jardim alvorada
22732-445 moreira / pa",RORAIMA,742.053.618-07,1981-10-24,42
Renan Da Rocha,"morro melo, 463
grajaú
18981-145 da conceição / ro",TOCANTINS,986.204.357-10,1971-03-08,53
Marcela Santos,"residencial de aragão, 65
planalto
81955-681 barbosa do sul / rn",GOIÁS,843.196.205-42,1999-12-23,24
Carolina Melo,"vereda kamilly da rosa, 80
são geraldo
58360617 castro / sc",AMAPÁ,970.358.142-05,1984-06-06,39
Lavínia Rezende,"morro davi luiz correia, 38
vila são paulo
55361364 ferreira do galho / ce",RONDÔNIA,946.321.085-70,1979-08-19,44
Srta. Julia Porto,"distrito ana laura aragão, 90
jardim do vale
37050371 barbosa / ma",AMAZONAS,502.731.649-61,1948-07-21,75
Alana Cardoso,"favela gonçalves, 32
cônego pinheiro 1ª seção
62579-612 da costa alegre / pr",RIO GRANDE DO NORTE,572.934.018-41,1991-04-14,32
Davi Lucas Cardoso,"viela da paz, 92
serra
95443238 correia / mt",SÃO PAULO,805.769.423-83,1995-11-15,28
Raul Santos,"loteamento emanuelly sales, 135
leticia
56249-362 fernandes de peixoto / sp",ALAGOAS,315.809.267-03,2004-09-11,19
Igor Melo,"favela oliveira, 67
vila copacabana
91636157 rezende / pr",TOCANTINS,261.730.548-17,1978-02-03,46
Joaquim Da Costa,"condomínio campos, 38
dom bosco
49718775 melo de minas / sp",AMAPÁ,274.039.856-56,1947-08-10,76
João Felipe Farias,"estação milena silva, 549
bairro das indústrias ii
77860945 silva / pe",MATO GROSSO,936.457.180-01,1996-01-11,28
Manuela Almeida,"feira alice ramos, 3
são joão batista
84904729 campos paulista / pe",ACRE,647.251.980-30,1949-01-27,75
Ryan Rocha,"passarela nogueira, 8
castelo
08422194 pires de barros / pi",Desconhecido,248.513.096-51,1959-10-25,64
Luna Da Conceição,"campo campos, 82
são pedro
10003961 da mata / ma",MATO GROSSO DO SUL,935.416.278-91,1928-02-19,96
Manuela Silva,"jardim beatriz farias, 11
acaba mundo
79947-311 farias / al",BAHIA,591.372.846-73,2005-09-01,18
Maria Vitória Das Neves,"lagoa cavalcanti
savassi
46594-913 ribeiro do norte / pe",MINAS GERAIS,761.450.932-34,1928-01-05,96
Marcela Cunha,"rua sales, 4
universo
73420661 rodrigues das pedras / se",PERNAMBUCO,904.312.587-32,1978-06-17,45
Bryan Souza,"viaduto thales costela, 23
mala e cuia
14364-941 farias / ba",MARANHÃO,593.410.876-00,1958-03-05,66
Kevin Cavalcanti,"distrito maria moraes, 9
vila paris
34507-199 cardoso / pr",SERGIPE,658.107.349-01,1976-01-29,48
Sr. João Gabriel Martins,"esplanada de moura, 95
boa viagem
73036474 pereira do oeste / ma",MATO GROSSO,794.682.051-85,1949-06-14,74
Gabriela Da Mata,"viaduto de peixoto, 16
inconfidência
10719-934 da cruz / ce",RORAIMA,746.021.835-90,1956-06-16,67
Srta. Júlia Fernandes,"condomínio leandro da mota, 20
jatobá
87409412 cavalcanti da mata / to",DISTRITO FEDERAL,650.429.831-98,1975-11-19,48
Bárbara Silveira,"trevo carvalho
vila paraíso
27781889 vieira de castro / rn",RIO DE JANEIRO,386.019.472-04,1983-12-25,40
Vinicius Jesus,"morro de duarte
pindorama
91232749 cunha / rs",MINAS GERAIS,549.723.618-91,1934-12-08,89
Srta. Alice Pires,"praia ana carolina correia, 11
santa sofia
12204735 rocha alegre / ro",CEARÁ,536.287.940-56,1982-07-08,41
Lara Ferreira,"rodovia de fogaça, 96
lajedo
51730-878 cardoso do galho / rs",DISTRITO FEDERAL,698.517.304-75,1951-10-23,72
Felipe Freitas,"rua duarte, 85
vila real 1ª seção
03399083 costa do sul / ac",DISTRITO FEDERAL,863.410.759-01,1925-04-27,98
Maysa Pires,"sítio mariana almeida, 86
carlos prates
09579-357 cavalcanti / pr",BAHIA,852.607.149-11,1955-10-08,68
Letícia Da Mata,"aeroporto da paz, 54
vila são dimas
26750-505 costa / pr",RIO DE JANEIRO,308.742.169-31,1976-08-04,47
Luigi Cunha,"praia nascimento, 541
senhor dos passos
52251-024 cavalcanti do campo / pa",Desconhecido,623.457.109-34,1932-01-24,92
Lucas Gabriel Gomes,"distrito de cardoso, 24
flamengo
42222117 jesus da prata / pi",PERNAMBUCO,120.476.398-40,2004-02-23,20
Emanuelly Costela,"vale de vieira, 67
suzana
02233962 alves / pa",RORAIMA,152.490.783-97,1977-10-21,46
Calebe Nascimento,"trecho brenda ferreira, 25
lagoinha
22650-581 da luz / rj",BAHIA,631.974.802-87,1939-02-25,85
Juan Pires,"avenida de santos, 89
são pedro
54483394 moraes da mata / ms",GOIÁS,139.648.572-46,1948-03-12,76
Lívia Costa,"loteamento oliveira, 12
vila da ária
56184582 pires / am",RIO GRANDE DO NORTE,582.793.041-50,1942-10-18,81
Davi Lucas Nunes,"vila viana, 68
nova cintra
01930898 porto / am",PIAUÍ,679.802.341-03,2003-01-07,21
Dr. Lucca Oliveira,"passarela jesus, 34
vila jardim montanhes
90668-539 azevedo / pb",RIO DE JANEIRO,806.759.431-75,1934-06-24,89
Eduardo Monteiro,"viaduto caldeira
vila nova paraíso
26625-312 oliveira do galho / pe",CEARÁ,037.529.468-65,1962-11-09,61
Diogo Moraes,"sítio aragão, 73
aguas claras
39221-650 barros / rj",MARANHÃO,571.463.209-52,1977-01-12,47
Felipe Freitas,"área gabriela nascimento
ermelinda
91481282 silveira / rr",GOIÁS,657.014.938-57,2005-12-08,18
Ryan Peixoto,"estrada agatha correia, 79
xodo-marize
53021-431 azevedo alegre / to",PARÁ,830.126.594-98,1996-08-25,27
Otávio Pires,"pátio ribeiro, 33
vila oeste
74852-896 barros da mata / ms",RONDÔNIA,526.170.894-01,1998-07-16,25
Thiago Moreira,"residencial rebeca da paz, 43
santa inês
11614338 lima do sul / sc",RIO GRANDE DO SUL,023.671.984-03,1963-01-11,61
Pietro Lopes,"aeroporto moura, 81
salgado filho
80405-323 moura do galho / sp",PARAÍBA,428.657.913-19,1962-04-24,61
Gabriela Gomes,"parque mariane araújo, 1
flamengo
01839098 aragão / ro",PIAUÍ,317.820.469-50,1981-04-13,42
João Miguel Viana,"estrada de carvalho, 309
funcionários
12346-410 da luz / df",Desconhecido,183.527.069-77,2000-05-27,23
Sr. Luiz Henrique Nunes,"via da cunha, 11
sport club
89823119 costela da mata / to",TOCANTINS,031.879.256-77,1948-03-17,76
Srta. Ana Sophia Viana,"rodovia agatha cavalcanti, 27
santo antônio
57644125 ribeiro / ap",PARÁ,937.802.651-68,1995-02-18,29
Sr. Marcelo Aragão,"praça raul pires
maria virgínia
04343-264 cunha / to",PIAUÍ,418.379.602-40,1938-04-06,85
Enzo Gabriel Da Mota,"vila farias
braúnas
89867214 nogueira do sul / se",MINAS GERAIS,018.326.459-24,1993-09-22,30
Benjamin Da Rosa,"núcleo maria luiza novaes, 100
xangri-lá
43844226 moura da prata / rj",PARANÁ,195.728.306-86,1924-07-29,99
Ana Rezende,"esplanada de da cruz, 73
eymard
71825-419 nascimento / pe",RIO GRANDE DO NORTE,316.749.285-64,1955-10-15,68
Dr. Thomas Dias,"jardim ana carolina da mota, 6
vila petropolis
53256-274 moura / ap",PARAÍBA,267.984.310-03,1979-01-13,45
Breno Ribeiro,"vereda de costela, 27
vila de sá
07317531 freitas / mg",MATO GROSSO,803.946.721-78,1985-10-05,38
Lucas Gabriel Novaes,"trevo manuela jesus, 927
ipe
96781793 carvalho / sc",CEARÁ,856.074.129-11,1982-09-04,41
Vicente Rodrigues,"chácara cardoso, 14
vila aeroporto
82122066 fogaça / rn",RONDÔNIA,328.147.905-79,1938-12-18,85
João Lucas Vieira,"praça de oliveira, 35
conjunto santa maria
00397-858 barros dos dourados / rn",MARANHÃO,985.724.301-05,1985-10-18,38
Dr. Luiz Henrique Freitas,"residencial luigi duarte, 6
manacas
80721305 aragão / sc",PARÁ,951.720.438-88,1976-11-07,47
Dra. Luiza Da Conceição,"núcleo de ferreira, 77
lagoa
66120668 freitas do norte / pr",CEARÁ,189.032.564-33,1927-04-29,96
Benjamin Cavalcanti,"área de fernandes, 37
vila são dimas
93804-699 pereira / mt",CEARÁ,317.024.958-41,1997-11-30,26
Murilo Mendes,"loteamento porto, 4
vila santo antônio
40994-158 jesus / se",SERGIPE,653.748.201-17,1946-04-20,77
Dr. Renan Rezende,"área de ribeiro, 688
vila vista alegre
53424631 viana / pr",SANTA CATARINA,609.342.875-38,1958-12-16,65
Maysa Porto,"pátio carlos eduardo azevedo, 76
havaí
05920919 cardoso do norte / ro",BAHIA,081.395.764-84,1955-09-11,68
Pedro Lucas Pereira,"quadra almeida, 83
paquetá
47111-767 ferreira / ce",SANTA CATARINA,873.421.560-35,1940-01-09,84
Isadora Nogueira,"feira almeida, 72
vila são dimas
54779-178 nogueira da mata / rj",RIO DE JANEIRO,480.321.579-05,1974-01-09,50
Gabriel Ramos,"viaduto de freitas, 46
novo glória
68461-422 da mata do campo / to",MATO GROSSO,591.874.320-05,1947-08-23,76
Yago Ferreira,"ladeira agatha almeida, 27
vila copacabana
72789380 santos de cardoso / rs",ACRE,531.842.796-00,1936-05-30,87
Samuel Da Mata,"residencial cavalcanti, 50
grota
42720-953 costela / mg",PARANÁ,521.740.968-11,2002-11-30,21
Sophie Pinto,"colônia bryan costela, 404
suzana
19834-441 rocha / se",SANTA CATARINA,317.480.529-50,1929-07-19,94
Dr. Rafael Souza,"rodovia de moreira, 6
santo agostinho
88797976 melo de rodrigues / am",AMAZONAS,436.750.218-07,1979-02-03,45
Vitor Hugo Lima,"esplanada oliveira, 654
serra
05893442 barros grande / pr",RORAIMA,450.326.187-80,1938-07-30,85
Dr. Bernardo Da Cruz,"rodovia thomas santos, 48
vila suzana segunda seção
76192-382 da cruz / am",BAHIA,230.847.951-50,2003-03-03,21
Caio Da Cunha,"vila milena porto, 70
marieta 1ª seção
21471136 viana de minas / ro",PARAÍBA,926.084.357-00,1930-09-14,93
Stephany Duarte,"lagoa rebeca novaes, 77
são jorge 1ª seção
99459-667 da luz / se",AMAZONAS,642.183.975-46,1927-03-22,97
Kevin Da Conceição,"núcleo sales, 59
novo das industrias
25075979 da mota / pe",ACRE,074.851.296-94,1960-04-18,63
Srta. Giovanna Aragão,"feira sales, 82
coração eucarístico
14004-925 rezende / al",PARAÍBA,142.765.380-17,1947-07-08,76
Pedro Henrique Pinto,"colônia de azevedo, 22
centro
28232955 vieira / ce",MATO GROSSO DO SUL,653.842.917-37,1998-09-20,25
Joaquim Da Cruz,"alameda fernandes
são salvador
47528-909 vieira do norte / am",RONDÔNIA,532.784.910-41,1993-12-14,30
Leandro Souza,"estrada de castro, 671
trevo
70826-740 aragão / pi",RIO GRANDE DO NORTE,560.218.937-86,1994-10-09,29
Beatriz Aragão,"trecho calebe ferreira, 902
funcionários
75361-448 mendes / al",ACRE,805.134.927-04,1971-07-29,52
Carlos Eduardo Teixeira,"chácara joão gabriel correia, 983
vila batik
90033-732 souza / es",DISTRITO FEDERAL,546.310.289-98,1975-07-26,48
Joana Da Rocha,"lago maria cecília dias, 93
marçola
81757780 nogueira alegre / mg",CEARÁ,915.302.864-33,1978-03-05,46
Lucas Gabriel Da Luz,"via de santos
delta
16982254 da rosa / df",RIO DE JANEIRO,203.564.197-70,2005-12-13,18
Davi Lucas Da Costa,"viela mariana ferreira, 867
cidade jardim taquaril
41562-571 almeida da serra / al",SÃO PAULO,502.416.973-52,2005-11-29,18
Henrique Da Rocha,"via caio carvalho, 11
inconfidência
12395-579 silveira / am",PARAÍBA,713.508.462-44,1990-09-08,33
Lorena Fernandes,"residencial joão guilherme campos
vila paraíso
64575-574 da costa / pr",PARANÁ,574.913.680-93,1931-05-23,92
Nathan Nogueira,"vereda jesus, 420
monsenhor messias
58414-188 campos / df",AMAZONAS,837.624.059-56,1980-03-22,44
Srta. Maysa Rezende,"setor de da mata, 49
zilah sposito
64777814 moraes / pi",PARÁ,726.351.894-55,1942-09-08,81
Erick Santos,"rua lavínia da rosa, 9
pedreira padro lopes
34591588 moreira do oeste / to",RIO GRANDE DO SUL,680.219.745-67,1980-06-22,43
Agatha Sales,"setor de santos, 49
itatiaia
61014707 vieira de ferreira / sp",BAHIA,983.210.675-30,1932-09-01,91
Ana Beatriz Moreira,"parque thomas nogueira, 74
outro
56064351 nogueira / am",ALAGOAS,637.980.145-66,1960-11-19,63
Antônio Da Rocha,"viela de mendes, 45
jardim leblon
96236-614 alves / am",MARANHÃO,943.127.508-23,1998-02-28,26
Dra. Vitória Viana,"loteamento barbosa, 28
vila madre gertrudes 2ª seção
30505246 viana de barbosa / ro",MARANHÃO,813.062.954-24,1941-03-23,83
Enzo Monteiro,"trevo barros, 87
chácara leonina
32250-516 correia do sul / pr",MATO GROSSO,534.021.978-04,1980-06-25,43
Bernardo Santos,"lagoa isabella viana, 20
zilah sposito
57396-028 da costa / pr",PARANÁ,045.837.692-29,2005-09-09,18
Guilherme Cunha,"fazenda rezende, 619
vila da paz
12171588 cunha / pi",RONDÔNIA,237.961.508-02,1999-03-31,25
Raul Rodrigues,"praça souza
santa inês
51653-076 sales / sc",MATO GROSSO DO SUL,193.685.240-33,1976-06-16,47
Pietra Lima,"praça almeida, 81
são bento
89716066 cavalcanti / mt",PERNAMBUCO,591.384.076-39,1993-03-28,31
Camila Barbosa,"vila martins, 7
casa branca
24755-263 rezende do norte / pa",BAHIA,560.871.293-59,1986-07-11,37
Kaique Almeida,"passarela de pires, 6
olhos d'água
60019-193 nogueira / ms",ACRE,078.359.612-02,1955-09-27,68
Antônio Porto,"aeroporto lavínia porto, 29
barreiro
62756-069 da costa / rr",MINAS GERAIS,015.283.479-60,1936-06-19,87
Alana Rezende,"parque de aragão, 76
cachoeirinha
02496-655 castro dos dourados / es",SANTA CATARINA,216.903.548-60,1953-05-23,70
Vitor Almeida,"vale ramos, 60
vila santo antônio
30951-261 cardoso / rr",RIO GRANDE DO NORTE,134.067.985-00,1981-08-06,42
Isabelly Da Mota,"loteamento nascimento
engenho nogueira
51363757 freitas de minas / pa",AMAZONAS,709.435.816-48,1948-05-19,75
Isis Oliveira,"esplanada joão guilherme barbosa, 39
barão homem de melo 2ª seção
27835-647 teixeira de da rocha / al",PIAUÍ,893.246.170-87,1946-09-28,77
Carolina Gomes,"parque nascimento
vila minaslandia
52552505 pires / al",RIO GRANDE DO SUL,845.721.639-28,1992-05-29,31
Srta. Natália Rodrigues,"largo alves, 654
vera cruz
86331-648 da mata das flores / ms",TOCANTINS,548.329.017-88,1948-03-04,76
Fernando Ramos,"trevo de azevedo, 36
vila barragem santa lúcia
25527-534 nunes de minas / pr",RIO GRANDE DO NORTE,032.489.657-38,1973-01-05,51
Gabriela Da Cruz,"área de barros, 4
vila mangueiras
34927703 campos / ce",MARANHÃO,109.728.536-77,1997-06-11,26
Noah Cavalcanti,"setor arthur barros, 58
vera cruz
74085586 gonçalves / mt",PARANÁ,273.901.485-60,1941-02-17,83
Clara Moreira,"largo gomes, 85
vila da paz
12874488 almeida das pedras / pb",RORAIMA,079.215.348-05,1974-03-30,50
Laura Araújo,"praia agatha cardoso, 1
lagoinha
89331294 azevedo / pi",PIAUÍ,134.059.276-25,1970-03-16,54
Dr. Luiz Otávio Sales,"via novaes, 81
vila são paulo
75725-378 viana / mt",MATO GROSSO,472.931.058-60,1946-07-10,77
Emilly Da Mata,"pátio castro, 51
vila trinta e um de março
55241883 novaes / es",AMAPÁ,839.264.057-83,1935-10-11,88
Kevin Rodrigues,"campo lima, 42
conjunto califórnia ii
56662-295 aragão alegre / pe",RIO DE JANEIRO,086.491.732-50,1970-09-05,53
Davi Pereira,"esplanada rafael viana, 38
apolonia
79597-756 jesus / mg",MATO GROSSO,209.851.463-89,1963-09-23,60
Thomas Silva,"travessa beatriz fogaça, 47
fernão dias
67632359 ferreira / rn",BAHIA,891.342.506-89,2004-03-06,20
Ana Lívia Da Cruz,"praça correia, 3
canadá
10967-617 da rocha / rj",MARANHÃO,135.694.780-84,1938-09-06,85
Sr. Vicente Silveira,"viela maria cecília viana, 44
vila copacabana
57773029 teixeira grande / pa",CEARÁ,318.497.065-57,1964-11-06,59
Sophie Caldeira,"vila nina moura, 41
vila santo antônio
90620403 cardoso grande / pa",PIAUÍ,403.216.857-17,1988-01-28,36
Gabriel Costa,"núcleo carvalho, 87
piraja
27363-406 aragão / pi",MATO GROSSO DO SUL,930.751.624-34,1964-04-07,59
Ana Carolina Costa,"rodovia de da luz, 710
saudade
97753-283 almeida / ro",MATO GROSSO,680.432.175-80,1973-12-15,50
Maitê Fogaça,"residencial beatriz lopes
ermelinda
10264438 pinto do amparo / rn",RIO DE JANEIRO,543.981.076-57,1997-10-29,26
Bruna Caldeira,"aeroporto de ferreira, 9
senhor dos passos
60406901 pinto / ac",AMAZONAS,259.738.061-03,1956-05-14,67
Caroline Moura,"chácara da luz, 27
bonfim
19292291 freitas / sp",PARAÍBA,593.267.014-25,1993-04-27,30
Sra. Ana Júlia Pires,"núcleo cardoso
barreiro
53334004 da mata / to",BAHIA,561.839.420-06,1977-06-19,46
Dra. Larissa Fernandes,"residencial de ribeiro, 11
vila santa rosa
31387-267 ramos do galho / go",BAHIA,503.491.862-51,1981-02-21,43
Rodrigo Da Luz,"aeroporto de campos, 63
são gabriel
23280-868 caldeira de costa / pb",PARÁ,416.279.350-61,1992-02-03,32
Carlos Eduardo Barros,"loteamento de rodrigues
santa cecilia
06586958 sales / go",SERGIPE,730.926.451-70,1992-05-25,31
Ana Laura Silva,"vale pinto, 70
esplanada
62764-552 azevedo / pi",RONDÔNIA,047.183.956-66,1972-06-20,51
Maitê Nogueira,"vale costela, 5
parque são josé
96135-251 da costa / sp",GOIÁS,517.209.346-06,1958-10-01,65
Ana Laura Da Luz,"jardim de barros, 111
caiçara - adelaide
35595-078 rocha / to",GOIÁS,681.534.027-90,1943-09-26,80
Sra. Brenda Viana,"pátio da rocha, 793
vila rica
94599043 pereira do amparo / es",ALAGOAS,154.768.092-01,1948-10-12,75
Augusto Teixeira,"setor samuel porto, 99
bairro das indústrias ii
86695-066 da rocha / am",RIO DE JANEIRO,360.458.927-47,1930-05-17,93
Dr. Francisco Lima,"via diego lima, 60
distrito industrial do jatoba
23453-385 rezende da praia / ap",RORAIMA,318.062.495-70,1959-02-01,65
Isaac Da Luz,"área joão lucas lima, 997
são benedito
29475280 correia do oeste / ro",PERNAMBUCO,293.547.680-83,1949-09-12,74
Calebe Jesus,"praia vitor gabriel cunha, 89
concórdia
76769-266 barros de almeida / sc",PARÁ,068.549.237-00,1978-02-15,46
Kevin Melo,"viaduto juliana nogueira
trevo
27312378 costela / ba",BAHIA,786.423.910-22,1966-11-05,57
Pedro Miguel Peixoto,"passarela moura, 85
vila rica
97660-932 pinto / df",SERGIPE,079.865.213-68,1975-03-26,49
Gabrielly Almeida,"condomínio de sales, 62
são bernardo
26536-770 da paz de farias / pb",SERGIPE,498.065.732-00,1994-06-21,29
Murilo Correia,"estação de ribeiro, 893
zilah sposito
70649126 da luz / sp",BAHIA,197.630.548-93,1990-11-29,33
Matheus Dias,Endereço não informado!!,RIO DE JANEIRO,156.274.038-53,1942-12-02,81
Stella Cardoso,"estrada ana ramos, 10
novo tupi
28462177 nascimento / go",PARANÁ,798.061.543-39,1968-08-14,55
Marcela Barbosa,"estação de azevedo, 639
vila antena montanhês
95402652 souza / ms",SANTA CATARINA,509.861.437-66,1963-03-04,61
Ana Carolina Pires,"viaduto eduarda pinto, 76
pousada santo antonio
59415989 da mota / rs",GOIÁS,612.803.495-06,1936-04-16,87
Helena Aragão,"morro lavínia almeida
esperança
86630-979 da mota da praia / ap",ALAGOAS,791.852.043-23,1940-02-19,84
João Gabriel Oliveira,"travessa oliveira, 28
minas brasil
46483592 cardoso de pires / ma",PARÁ,496.325.817-09,1927-11-21,96
Maria Cecília Vieira,"conjunto de souza, 842
petropolis
42034714 da cruz de duarte / to",PARANÁ,491.372.586-64,1936-05-14,87
Lorena Rodrigues,"quadra de fogaça, 57
vila nova gameleira 3ª seção
66845-310 azevedo / pe",AMAZONAS,461.372.508-90,1978-12-27,45
Nicolas Cunha,"estrada de carvalho, 52
conjunto jardim filadélfia
52805087 da rocha grande / go",ALAGOAS,873.420.651-53,1954-09-01,69
Vitor Hugo Ramos,"travessa melo, 5
biquinhas
66489954 farias / es",MATO GROSSO,485.102.396-06,1994-08-07,29
Luigi Aragão,"largo de rodrigues, 19
campo alegre
45308605 oliveira / df",MATO GROSSO DO SUL,704.296.385-74,1984-02-28,40
Maria Julia Barros,"área nogueira
solimoes
33583-693 fogaça de minas / pe",PIAUÍ,123.807.596-77,1974-06-14,49
Luiz Gustavo Silveira,"estação mendes
colégio batista
63789-623 mendes / pr",CEARÁ,178.924.630-03,1931-02-16,93
Ana Júlia Fernandes,"passarela de carvalho, 69
coração de jesus
30963-058 jesus de gonçalves / se",ACRE,795.408.612-76,1927-05-16,96
Luiz Miguel Novaes,"morro de nascimento, 17
coqueiros
45908-211 carvalho / mg",MARANHÃO,754.892.163-28,1998-01-24,26
Gabriel Santos,"largo viana, 3
vila fumec
88329854 duarte grande / pe",ACRE,142.680.957-30,2003-03-24,21
Srta. Sophie Vieira,"loteamento de viana, 65
conjunto novo dom bosco
74866-542 gomes / pi",PARAÍBA,624.017.385-17,1952-04-06,71
Júlia Cardoso,"feira gustavo nascimento, 911
vila calafate
13255-925 dias da serra / rs",ESPÍRITO SANTO,482.615.097-02,1935-07-24,88
Dra. Gabriela Jesus,"vereda cunha
jardim do vale
23769849 peixoto / es",RIO GRANDE DO SUL,846.072.319-40,1975-03-04,49
Dr. João Gabriel Correia,"aeroporto augusto das neves, 847
maria helena
14413023 sales do sul / to",MINAS GERAIS,038.254.716-08,1975-05-27,48
Luiz Gustavo Jesus,"feira fogaça, 914
vila dos anjos
04874-947 gonçalves / pi",ESPÍRITO SANTO,625.914.807-02,1925-04-09,98
Rodrigo Ferreira,"estação moraes, 13
carmo
16880467 sales / mg",DISTRITO FEDERAL,527.019.648-49,1969-02-27,55
Alícia Ribeiro,"feira maria julia costela, 21
mariano de abreu
15900292 viana / mg",TOCANTINS,514.928.607-94,1932-04-28,91
Sr. André Da Mata,"loteamento de lima, 16
conjunto providencia
30306-177 vieira / se",RIO DE JANEIRO,169.238.045-15,1957-12-07,66
Srta. Maria Julia Campos,"rodovia pires, 57
vila de sá
77231854 das neves de minas / sp",BAHIA,245.317.869-55,1960-02-06,64
João Gabriel Ferreira,"pátio carvalho
vila primeiro de maio
20761463 cardoso / ap",MARANHÃO,018.962.437-03,1929-07-20,94
Thomas Moraes,"parque melo, 462
vila cloris
72257447 alves paulista / go",PERNAMBUCO,291.743.085-05,1964-02-09,60
Clara Melo,"alameda vitor gabriel lopes, 52
pedreira padro lopes
39505-792 freitas / ms",AMAZONAS,860.547.139-57,1962-02-15,62
Luigi Cavalcanti,"campo de campos, 83
vila tirol
47518-448 moura / rn",RIO GRANDE DO SUL,078.159.423-50,1990-07-07,33
Dra. Stella Da Costa,"passarela oliveira, 48
santa monica
65901774 barbosa / ro",SANTA CATARINA,340.968.215-51,1970-10-31,53
Isabella Da Paz,"via letícia nunes, 280
monsenhor messias
23682-395 porto do campo / al",MARANHÃO,289.547.630-65,1943-12-31,80
Enzo Da Rocha,"travessa ribeiro, 92
pindorama
41498-699 costa / go",SERGIPE,874.126.390-13,1980-12-28,43
Olivia Fernandes,"conjunto eduardo da paz, 2
dom joaquim
57205-706 da rosa / ap",PARÁ,016.793.584-48,1973-12-09,50
André Da Mata,"feira clara lima, 5
vila independencia 3ª seção
97223-857 sales alegre / ma",PERNAMBUCO,648.073.251-08,1986-11-05,37
Pedro Henrique Cavalcanti,"núcleo de rocha, 9
sport club
85502-689 dias / sp",PARAÍBA,938.026.157-86,1946-02-09,78
Joaquim Silveira,"vila de freitas, 80
santo antônio
64429-208 souza / ac",CEARÁ,671.038.925-12,2003-07-18,20
Mirella Rodrigues,"fazenda de lima, 95
vila das oliveiras
24075-695 santos / rj",ESPÍRITO SANTO,216.854.907-94,1977-12-11,46
Sra. Isabelly Azevedo,"ladeira caldeira, 5
vila paris
30774-845 das neves do galho / ac",MATO GROSSO,087.521.496-76,1949-11-23,74
Dr. Samuel Ferreira,"travessa ana lívia da mata, 63
madri
52820362 correia / es",RIO DE JANEIRO,720.936.841-87,1989-02-02,35
Otávio Carvalho,"residencial costa, 9
cidade jardim taquaril
93834094 cunha paulista / se",DISTRITO FEDERAL,643.820.751-90,1936-07-09,87
Dra. Stephany Da Mota,"colônia monteiro, 49
europa
08852-447 souza / mt",SÃO PAULO,154.628.930-51,1999-03-16,25
Cauê Mendes,"lagoa das neves, 36
marçola
29562-910 martins do galho / ba",ACRE,152.704.683-44,1993-12-15,30
Alexandre Nunes,"esplanada souza, 437
álvaro camargos
13558-006 costa / mg",RIO GRANDE DO SUL,496.028.513-33,1972-07-03,51
Maria Fernanda Aragão,"favela de carvalho, 28
confisco
78293-561 porto / rs",ALAGOAS,372.810.465-53,1956-05-24,67
João Guilherme Silva,"praça caroline almeida, 19
conjunto bonsucesso
43369846 carvalho / df",RONDÔNIA,820.673.951-30,1951-03-20,73
Lorena Rezende,"lagoa de fogaça, 92
pantanal
50346-679 fogaça das pedras / mg",RONDÔNIA,753.801.692-95,1951-03-25,73
Maria Sophia Da Cruz,"vale ana julia porto, 19
alto barroca
44810-914 aragão / mg",ESPÍRITO SANTO,690.235.147-34,1955-05-27,68
Milena Das Neves,"residencial de cunha, 20
santana do cafezal
00664725 ramos de da conceição / pb",RIO GRANDE DO SUL,685.910.324-89,1930-09-02,93
Kamilly Da Cunha,"travessa lucca carvalho, 38
aeroporto
73024753 novaes / ro",RORAIMA,520.916.734-80,1957-06-21,66
Luiz Miguel Aragão,"aeroporto ana clara oliveira
indaiá
32077320 monteiro das flores / am",GOIÁS,937.652.018-12,1970-03-11,54
Ana Laura Ribeiro,"praia de da mata, 18
são jorge 3ª seção
06677252 melo verde / rj",SÃO PAULO,754.829.630-47,1986-11-14,37
Lorena Da Mota,"favela de azevedo, 62
lindéia
03359507 ribeiro paulista / ma",RIO GRANDE DO SUL,162.038.754-90,1967-05-22,56
Emanuella Souza,"loteamento ferreira, 493
lagoa
76527-079 barros de carvalho / pi",PARAÍBA,617.392.540-07,1945-12-06,78
Cecília Pinto,"campo vinicius campos, 2
conjunto são francisco de assis
98574-475 carvalho / mg",SANTA CATARINA,498.105.627-30,1999-04-16,24
Pedro Henrique Cunha,"condomínio bruna mendes, 55
pongelupe
35084954 dias / ce",AMAPÁ,584.906.723-00,1978-12-27,45
Sra. Eloah Da Mota,"loteamento freitas, 30
primeiro de maio
60294-574 correia do galho / sp",ACRE,901.387.625-03,1991-05-31,32
Samuel Da Rocha,"trecho de freitas, 8
vila piratininga venda nova
52726355 gonçalves / to",SERGIPE,159.708.423-97,2002-05-03,21
Melissa Almeida,"alameda de da rosa, 2
são salvador
19976-771 moreira / pe",MATO GROSSO DO SUL,705.349.286-92,1959-08-13,64
Carlos Eduardo Da Mota,"largo juliana barbosa, 182
concórdia
78949-350 da luz / rn",MATO GROSSO DO SUL,894.571.206-20,1925-08-08,98
Dr. Vitor Da Mota,"viela de da paz
minaslandia
66289973 da rocha da mata / pe",AMAZONAS,789.423.615-28,1975-05-17,48
Dr. Diogo Costela,"passarela joão lucas nogueira, 753
são pedro
30597-524 gonçalves / pe",RIO DE JANEIRO,962.153.748-73,1987-09-28,36
Rafaela Rodrigues,"campo vinicius silva, 27
lagoinha
89600340 oliveira / ac",AMAPÁ,578.129.034-60,1943-12-10,80
Vitor Hugo Da Conceição,"viaduto de castro, 65
jardim vitoria
59934-260 lima / rr",TOCANTINS,716.394.582-55,1998-04-30,25
Ana Laura Caldeira,"estrada de rocha, 305
lourdes
66547-572 freitas / pe",ALAGOAS,518.346.792-73,1972-10-28,51
Dra. Laura Silveira,"pátio lopes, 1
varzea da palma
21960284 moreira do galho / am",PIAUÍ,472.815.960-49,1928-12-23,95
Sr. Rafael Pereira,"recanto gustavo pereira, 77
santo antônio
41583781 teixeira / pe",TOCANTINS,492.853.701-79,1937-06-21,86
Manuela Mendes,"largo kevin barbosa, 2
vila da ária
11922167 farias / mg",PARÁ,518.390.462-60,1992-02-25,32
Igor Lopes,"recanto azevedo
vila cloris
93763674 alves de goiás / ce",SANTA CATARINA,073.482.961-22,1994-11-19,29
Marcelo Moreira,"trecho igor barros, 77
mariano de abreu
03314-220 martins do amparo / es",PERNAMBUCO,346.801.792-87,1974-10-05,49
Thomas Costela,"alameda de pinto
pousada santo antonio
23210876 silveira / rs",MINAS GERAIS,428.971.360-22,1930-03-08,94
Luiz Otávio Gonçalves,"trevo rezende, 51
bela vitoria
18388-150 mendes de porto / mg",PARAÍBA,637.820.451-90,1960-10-10,63
Stella Da Costa,"estação de freitas, 32
corumbiara
14711-167 teixeira / rr",CEARÁ,063.418.752-07,1969-12-25,54
Luana Da Cruz,"distrito rocha
luxemburgo
87202478 araújo / ce",MARANHÃO,083.527.619-86,1994-10-12,29
Maria Cecília Lima,"recanto silveira, 47
olhos d'água
47019155 ramos / es",RONDÔNIA,132.968.450-89,1996-12-02,27
Melissa Teixeira,"residencial de pires, 28
laranjeiras
90058-265 alves de oliveira / rs",SANTA CATARINA,642.987.103-78,1953-11-03,70
Dr. Vinicius Pires,"distrito de lopes, 397
alto dos pinheiros
64452311 caldeira das flores / ms",SÃO PAULO,163.584.079-10,1986-02-05,38
Luiz Miguel Farias,"feira cardoso, 21
conjunto minas caixa
66461-182 carvalho de goiás / rn",ALAGOAS,962.834.750-00,1936-11-03,87
Breno Correia,"conjunto daniel fernandes, 403
garças
71034367 da conceição do campo / go",MATO GROSSO DO SUL,148.592.607-67,1983-05-07,40
Laís Costela,"parque maitê santos, 42
boa viagem
72176802 ribeiro alegre / rs",SÃO PAULO,306.471.852-53,1966-01-18,58
Dr. Diego Da Mata,"quadra de da mota, 62
alto caiçaras
27102-258 rezende do galho / mg",SÃO PAULO,293.810.754-41,2003-08-22,20
Letícia Da Mota,"viaduto jesus, 11
conjunto jatoba
20417-169 alves de monteiro / df",RONDÔNIA,852.671.409-02,1993-05-24,30
Luna Ferreira,"alameda anthony fogaça, 11
mantiqueira
77508-379 aragão / rs",AMAPÁ,843.729.051-14,1970-01-25,54
Dr. Emanuel Silveira,"quadra de fogaça, 28
pantanal
51254-681 monteiro / pi",PIAUÍ,430.615.728-80,1994-04-23,29
Lorena Sales,"fazenda caldeira
satelite
32090552 freitas / am",MARANHÃO,263.185.049-15,1979-12-26,44
Davi Da Mata,"vila alves
jardim atlântico
71862-679 costa / df",DISTRITO FEDERAL,846.350.791-39,1969-02-19,55
Isabel Melo,"feira enrico nogueira, 1
itaipu
30458-005 peixoto / pb",MATO GROSSO,748.691.235-09,1948-12-28,75
Raul Oliveira,"rua pedro miguel da luz, 95
nossa senhora do rosário
81008796 moreira do amparo / pa",AMAZONAS,298.671.453-64,1931-01-03,93
Levi Da Mata,"vila de da mata
cônego pinheiro 2ª seção
25940-946 rodrigues / ce",PARÁ,192.507.348-32,1962-10-21,61
Heloísa Castro,"sítio de cardoso, 88
acaiaca
38458223 dias / rs",RIO GRANDE DO NORTE,587.410.632-44,1961-05-15,62
Sra. Júlia Da Paz,"jardim maria sophia ferreira, 95
vila nova paraíso
26195069 viana de rocha / ce",PARÁ,046.725.893-74,1986-08-19,37
Luana Viana,"praça de castro, 980
ernesto nascimento
34433-095 almeida / se",SERGIPE,213.679.850-21,1998-04-01,26
Sr. Renan Sales,"praça olivia silveira, 49
novo das industrias
30053-926 rezende de duarte / ac",ALAGOAS,364.790.582-83,2001-04-17,22
Caio Aragão,"área de barros, 86
boa esperança
10087-478 farias / rn",BAHIA,714.325.068-62,2001-11-19,22
Srta. Lavínia Ribeiro,"alameda gustavo henrique gonçalves, 50
beija flor
29914020 costa de minas / rj",SÃO PAULO,263.019.854-51,1948-11-19,75
Sofia Da Mata,"jardim de lopes, 7
planalto
72162-664 da luz / am",SANTA CATARINA,806.539.147-84,2002-05-16,21
André Araújo,"alameda de da mota, 94
vila paquetá
67514889 lima do oeste / ce",ACRE,819.260.374-13,1980-04-26,43
Nathan Azevedo,"lagoa milena ramos, 4
caiçara - adelaide
27571-728 cardoso grande / am",RORAIMA,285.976.143-82,1939-02-12,85
Camila Teixeira,"setor da cunha, 39
jardim montanhês
78862288 rocha / rj",PARANÁ,982.743.106-40,1977-08-13,46
Srta. Clara Souza,"área peixoto, 32
flavio de oliveira
00101-655 duarte de mendes / se",SANTA CATARINA,510.347.682-71,1998-08-20,25
Yuri Nascimento,"vereda matheus azevedo, 2
serrano
64023-772 vieira de ribeiro / ac",ESPÍRITO SANTO,129.578.463-73,1966-09-28,57
Srta. Marcela Gonçalves,"praia raul campos, 12
conjunto providencia
48882013 azevedo / ce",PARÁ,148.296.730-87,1940-11-03,83
João Ramos,"jardim enzo da paz, 47
vila ouro minas
27148341 cavalcanti de minas / pr",RIO GRANDE DO SUL,936.270.418-87,1973-08-28,50
Renan Rocha,"vale oliveira, 22
nova suíça
87931-582 sales / rs",MARANHÃO,720.384.569-92,1981-10-08,42
Sr. Caio Souza,"conjunto maria vitória da cunha, 59
serra do curral
73310638 duarte do campo / mg",PARAÍBA,453.618.092-33,1973-07-02,50
Clarice Farias,"alameda maria fernanda castro, 87
maravilha
46556-077 martins / pi",RORAIMA,743.692.081-22,1968-12-22,55
Marcos Vinicius Jesus,"praça de moraes, 588
nova america
32071661 da rocha do sul / pa",CEARÁ,597.862.304-00,1951-10-12,72
João Pedro Nunes,"jardim de ramos, 69
vila nova gameleira 3ª seção
22927152 martins grande / pa",MATO GROSSO,910.853.462-42,1989-09-16,34
Levi Farias,"quadra mendes, 42
vila pinho
14608-340 moreira / go",RIO GRANDE DO SUL,659.421.730-52,1978-12-03,45
Dr. Enzo Da Costa,"campo marcela silveira, 66
álvaro camargos
06681-952 alves do galho / am",SÃO PAULO,791.654.308-75,1983-05-07,40
Heloísa Alves,"fazenda de moraes, 637
buraco quente
54488894 ferreira de moreira / pr",PARAÍBA,029.178.345-79,1937-10-06,86
Luiz Henrique Da Mota,"recanto alves, 105
saudade
04473467 da mota de minas / rr",RONDÔNIA,842.957.163-91,2004-02-17,20
Camila Caldeira,"lago jesus, 71
frei leopoldo
96443895 duarte / ma",MATO GROSSO DO SUL,903.721.486-03,1969-04-23,54
Arthur Mendes,"esplanada cauã teixeira
jardim américa
82077031 monteiro do galho / sp",RONDÔNIA,918.452.370-05,1973-12-23,50
João Felipe Campos,"praia heitor castro, 6
jardim leblon
74490880 da paz de nunes / ms",MATO GROSSO,362.759.410-06,1970-03-28,54
Guilherme Azevedo,"viela benjamin campos, 1
pompéia
36240-367 mendes da prata / ce",DISTRITO FEDERAL,174.509.362-16,1962-07-24,61
Dra. Laura Cunha,"núcleo castro, 7
maria helena
76215-850 duarte / ba",RORAIMA,364.701.829-50,1977-12-22,46
Noah Moraes,"estrada lucas gabriel caldeira, 856
joão pinheiro
66574452 cardoso / mg",GOIÁS,108.237.569-12,1969-04-03,55
Davi Lucca Lopes,"trecho freitas, 427
alto dos pinheiros
16352-238 moura / ap",MARANHÃO,260.158.347-90,1990-11-27,33
Sophia Da Cruz,"via ribeiro
flavio de oliveira
85013933 lima das flores / pr",MATO GROSSO,621.439.805-15,1984-07-30,39
Igor Da Luz,"lago silva, 75
vila oeste
67901-491 cunha da serra / ac",BAHIA,740.681.529-85,1977-12-16,46
Dr. Samuel Nascimento,"travessa duarte, 59
brasil industrial
48304188 moreira de minas / ro",MATO GROSSO,692.581.734-73,1937-07-30,86
Maria Fernanda Freitas,"favela sarah porto
conjunto são francisco de assis
82565112 da rosa de goiás / df",TOCANTINS,968.451.273-28,1957-08-10,66
Eduarda Costa,"morro enzo gabriel teixeira, 84
mirtes
35827-828 nascimento / rs",DISTRITO FEDERAL,206.795.138-68,1995-10-31,28
Lorenzo Monteiro,"área da mota, 13
minas caixa
62104258 barbosa do sul / ap",MATO GROSSO DO SUL,069.471.258-20,1980-07-16,43
Caroline Cardoso,"viaduto de moreira, 1
vera cruz
02303138 gonçalves do norte / df",AMAZONAS,618.307.245-17,1972-09-08,51
Henrique Da Rocha,"núcleo luiz gustavo costela, 99
juliana
43635569 peixoto / se",MINAS GERAIS,329.504.167-99,2003-01-09,21
Lucas Gabriel Oliveira,"via araújo
são cristóvão
08165-622 peixoto de da rocha / se",RIO GRANDE DO SUL,743.568.920-38,1972-08-04,51
Sr. Arthur Jesus,"lago de cardoso
santa cecilia
78099-314 santos do norte / mg",MATO GROSSO,418.370.659-93,1927-05-27,96
Marcos Vinicius Da Cunha,"viaduto de cardoso
inconfidência
16426-137 castro / pa",AMAPÁ,572.130.964-43,1976-01-16,48
Antônio Nogueira,"quadra de da mata, 49
ouro minas
00289438 cavalcanti da prata / mt",PERNAMBUCO,061.387.542-71,2004-08-11,19
Sophia Monteiro,"núcleo araújo, 155
lindéia
82317-263 campos / pa",MINAS GERAIS,601.245.398-15,1933-10-22,90
Dr. Leandro Silva,"estação silva, 18
serra
11636951 das neves do amparo / am",PERNAMBUCO,497.058.612-85,1967-12-07,56
Amanda Farias,"praia lavínia moraes, 29
conjunto jatoba
41571-037 da luz / rj",RIO DE JANEIRO,185.243.670-08,1924-07-31,99
Srta. Luna Peixoto,"fazenda rafaela costela, 37
havaí
52291-254 rocha / ce",AMAPÁ,912.405.387-23,1970-12-14,53
Sr. Igor Campos,"fazenda ferreira, 849
lagoa
49587-081 vieira do norte / ap",TOCANTINS,183.502.746-62,1969-08-17,54
Maria Sophia Correia,"residencial alana dias, 51
vitoria
01961759 gomes de da cruz / to",TOCANTINS,948.731.065-75,1925-10-03,98
Bruno Da Cruz,"rua evelyn da cunha, 2
alta tensão 1ª seção
88048-422 da rocha do amparo / es",ESPÍRITO SANTO,293.415.687-73,2001-06-02,22
Amanda Cavalcanti,"fazenda de duarte, 99
são sebastião
38375-389 pires / ac",RORAIMA,351.698.247-00,1968-12-13,55
Bruno Melo,"trevo de da costa, 7
esplanada
45022-514 fernandes de costela / ac",RORAIMA,721.469.053-52,1965-06-26,58
Dra. Elisa Nunes,"vale erick moreira, 48
vila nova cachoeirinha 2ª seção
07868-934 da cunha / ap",RIO GRANDE DO NORTE,875.013.249-05,1989-01-12,35
Calebe Ramos,"parque de moraes, 36
gutierrez
82171525 peixoto de fernandes / to",RIO GRANDE DO SUL,942.816.307-40,1964-05-05,59
Sr. Arthur Moraes,"passarela lima, 87
jatobá
09721-169 viana alegre / rj",RORAIMA,306.927.841-87,1943-10-01,80
Júlia Silveira,"pátio vitor gabriel rocha
são joão batista
91484973 pereira da prata / sc",RIO DE JANEIRO,913.476.508-57,1950-11-18,73
Sra. Isabelly Silva,"rodovia agatha lopes, 7
vila são gabriel
31198992 da luz / df",PARÁ,732.568.049-00,1989-08-28,34
Dr. Otávio Azevedo,"aeroporto de ferreira, 2
santa helena
28302071 oliveira das flores / ce",PERNAMBUCO,457.821.069-30,1944-11-09,79
Maria Cecília Aragão,"trevo aragão, 535
salgado filho
51800-056 carvalho da prata / go",SÃO PAULO,264.571.809-49,1925-01-09,99
Noah Da Rosa,"avenida ferreira, 7
antonio ribeiro de abreu 1ª seção
17090-502 rodrigues / df",PERNAMBUCO,742.960.813-22,1965-05-02,58
Sra. Laura Azevedo,"viaduto marcelo ramos
universo
53602-558 cunha do galho / sp",RIO GRANDE DO NORTE,540.326.187-71,1986-06-16,37
Dr. Francisco Moreira,"núcleo silva, 7
jaraguá
74430032 silveira de goiás / ce",RONDÔNIA,702.483.165-08,1999-08-25,24
Mariane Das Neves,"rodovia de freitas, 782
parque são josé
53886812 das neves das flores / sc",PIAUÍ,912.546.308-05,1979-10-27,44
Enzo Monteiro,"quadra silveira, 76
joão paulo ii
90482-858 rezende dos dourados / mg",PIAUÍ,309.546.872-56,1990-09-15,33
Diego Da Rocha,"conjunto da rosa, 22
pindura saia
13568-214 ramos da serra / ms",PIAUÍ,093.845.726-83,1988-01-24,36
Ana Laura Da Cruz,"parque rodrigues
vila da amizade
99639-698 costa / ro",ESPÍRITO SANTO,798.526.104-49,1937-04-28,86
Ana Sophia Gomes,"lagoa porto, 44
unidas
73111211 alves / go",PERNAMBUCO,384.961.725-46,1979-07-27,44
Ana Laura Costa,"vila sales, 913
bela vitoria
24276968 monteiro / sp",RIO GRANDE DO SUL,502.176.894-85,1971-08-17,52
Felipe Souza,"setor peixoto, 47
palmeiras
57575529 da cruz / se",PARÁ,187.950.346-84,1968-09-30,55
Luana Novaes,"parque luiz gustavo da conceição, 34
santa margarida
94925-425 rodrigues alegre / rs",CEARÁ,287.430.169-87,1945-12-05,78
Sra. Yasmin Nogueira,"lago de rocha, 482
belmonte
74471-918 rocha da mata / pe",GOIÁS,360.925.841-15,1975-10-29,48
Benício Melo,"recanto maitê pereira
vila suzana primeira seção
94645-027 silva / df",RIO GRANDE DO NORTE,904.652.781-67,2002-12-07,21
Daniela Aragão,"feira otávio pereira, 93
piraja
78140-773 correia / rr",PARAÍBA,726.304.851-53,1965-07-06,58
Davi Luiz Sales,"trecho joão gabriel pires, 64
nova pampulha
61230820 souza da serra / rs",AMAPÁ,740.692.138-13,1979-07-24,44
Milena Souza,"praça de ribeiro, 9
santa inês
38053-049 azevedo / sp",BAHIA,904.358.126-70,1938-10-08,85
Maria Eduarda Ferreira,"passarela de caldeira
vila sesc
50710-500 cunha de dias / ap",RONDÔNIA,438.256.190-60,1949-09-28,74
Sr. Diogo Lima,"estrada danilo monteiro
conjunto califórnia ii
38793-887 da mata alegre / ba",MATO GROSSO,302.846.957-00,1994-12-06,29
Dr. Carlos Eduardo Araújo,"rodovia sophia rodrigues, 88
vila independencia 2ª seção
76814388 pires / rr",PARANÁ,496.802.735-47,1984-11-09,39
Marina Gomes,"lagoa souza
copacabana
16768543 monteiro / es",SANTA CATARINA,934.587.620-00,1925-12-25,98
Gustavo Henrique Duarte,"área ana sophia pereira, 32
minas caixa
69026-029 caldeira do oeste / to",MINAS GERAIS,254.130.968-60,2000-05-29,23
Caio Ramos,"viaduto de sales, 92
buraco quente
13458-643 nunes / al",PARAÍBA,832.941.657-73,1996-11-06,27
Rafael Nunes,"núcleo monteiro, 504
são bernardo
15990-096 porto / to",MATO GROSSO,462.971.358-19,1935-04-10,88
Enzo Gabriel Cardoso,"núcleo ribeiro
vila nova cachoeirinha 1ª seção
13917300 ferreira das flores / pe",SÃO PAULO,726.801.549-67,1987-01-26,37
Davi Cardoso,"praça ana júlia rezende, 38
vila coqueiral
41709963 silveira / pa",RIO GRANDE DO SUL,065.781.243-90,2005-07-25,18
Daniel Pires,"avenida bruna rodrigues, 724
diamante
12678-518 rezende do galho / es",PARAÍBA,274.530.968-47,1984-06-13,39
Brenda Da Mata,"pátio rocha, 75
havaí
43098627 da cunha / ac",CEARÁ,532.841.679-19,1980-02-29,44
Samuel Dias,"viaduto enzo gabriel moreira, 72
vila real 2ª seção
01069636 sales de goiás / ce",RIO GRANDE DO NORTE,852.910.634-24,1985-11-17,38
Gustavo Henrique Da Costa,"residencial ribeiro, 60
flamengo
74294090 ribeiro / ro",ALAGOAS,917.230.485-50,2005-03-08,19
Theo Fogaça,"travessa cardoso, 95
alta tensão 1ª seção
42836-344 lima / mt",ACRE,091.584.236-05,1975-06-26,48
Sra. Alexia Carvalho,"quadra lorenzo pires
vila olhos d'água
03485618 da rosa de correia / ac",RONDÔNIA,483.106.527-71,2000-03-31,24
Juliana Martins,"campo de souza
vila jardim são josé
04692667 carvalho / rr",BAHIA,432.807.956-56,1939-06-04,84
Luiz Gustavo Da Rosa,"via de da paz, 5
dona clara
30465-337 oliveira de goiás / al",PARANÁ,280.753.914-97,1938-06-09,85
Gabriela Freitas,"trevo carvalho, 9
grajaú
40077-715 moraes da serra / ba",RIO GRANDE DO NORTE,367.520.481-26,1994-03-10,30
Enzo Gabriel Vieira,"travessa novaes
boa vista
29032951 aragão / to",RIO DE JANEIRO,812.564.079-76,2002-01-28,22
Srta. Luna Nascimento,"passarela de nascimento, 916
joão paulo ii
86360-200 duarte do amparo / al",RIO DE JANEIRO,815.732.049-60,1954-06-13,69
Sophie Da Mata,"avenida de almeida, 78
vila atila de paiva
41400947 da cunha / al",MARANHÃO,971.238.045-97,1953-04-10,70
Clarice Alves,"avenida heloísa costa
cabana do pai tomás
54742254 cavalcanti / ac",MATO GROSSO,973.846.520-65,2001-12-02,22
Catarina Rodrigues,"núcleo farias, 97
lourdes
55915-124 gomes de souza / rr",PARANÁ,138.640.975-84,1939-11-26,84
Antônio Vieira,"favela de lopes, 473
lagoinha leblon
41398-890 peixoto / pr",SERGIPE,017.236.854-53,1934-10-25,89
Dr. Nicolas Da Conceição,"quadra mariana costela, 87
grajaú
64615642 ferreira / ba",RORAIMA,105.236.748-80,1998-06-04,25
Maria Alice Da Costa,"rua cardoso, 76
olhos d'água
25842688 barros alegre / ma",AMAPÁ,290.738.654-92,1936-02-17,88
Sr. Lucca Martins,"pátio paulo da rosa, 93
belvedere
57898-196 melo / to",TOCANTINS,906.435.128-70,1967-08-30,56
João Pedro Costa,"feira cardoso
conjunto minas caixa
88969-195 da mata / rn",CEARÁ,532.940.718-41,1955-09-12,68
Maitê Gonçalves,"distrito giovanna rodrigues, 37
marieta 3ª seção
62839-349 da mata / pr",ACRE,034.719.856-20,1926-09-20,97
Ana Laura Ferreira,"estrada de ramos
garças
28169898 santos das pedras / ro",PARANÁ,326.490.578-74,1952-01-29,72
Sabrina Da Mata,"viela de moraes, 56
vila maria
42762903 fogaça de goiás / ms",RIO GRANDE DO SUL,172.548.960-02,1994-01-31,30
Alexandre Das Neves,"área de novaes, 52
itapoa
66232412 fogaça do oeste / es",ACRE,183.904.625-24,1930-07-19,93
Isadora Da Cunha,"viaduto freitas, 622
jardim atlântico
10686-144 da rocha paulista / pe",MINAS GERAIS,471.928.063-31,1969-08-31,54
Dr. Luigi Fernandes,"distrito thomas pires, 77
bairro das indústrias ii
44279-855 da cunha / mt",AMAPÁ,834.265.197-55,1951-07-16,72
Sr. Yago Cavalcanti,"estrada melo
vila independencia 3ª seção
33664610 cardoso / am",AMAPÁ,758.901.423-05,1931-03-01,93
Carolina Peixoto,"loteamento dias, 21
camponesa 1ª seção
82741936 da rosa / rn",AMAZONAS,396.720.418-96,1960-06-26,63
Ana Lívia Porto,"colônia vieira, 6
milionario
96648865 moraes / se",MATO GROSSO DO SUL,067.412.835-44,1949-09-26,74
Henrique Da Mata,"aeroporto vinicius rezende, 18
conjunto são francisco de assis
55527-291 da paz do campo / pr",RIO DE JANEIRO,896.724.305-74,1990-12-25,33
Enrico Aragão,"praça almeida, 95
vila novo são lucas
69709-867 moraes / ap",BAHIA,490.851.376-75,1930-06-30,93
Milena Cavalcanti,"trecho kevin castro, 70
são geraldo
98131993 sales / pr",TOCANTINS,523.064.179-70,1998-09-15,25
Davi Lucca Melo,"passarela kamilly moreira, 704
cardoso
41864-156 da cunha / sp",GOIÁS,731.984.025-14,1928-02-22,96
Clarice Fernandes,"vereda jesus, 7
esplanada
50230404 teixeira verde / sp",PARÁ,192.763.485-73,1936-12-27,87
Dr. Luiz Fernando Das Neves,"viaduto de martins, 24
vila antena
55987-196 araújo do amparo / ro",CEARÁ,146.387.259-37,1966-02-21,58
Caio Azevedo,"largo cardoso, 23
vila nova gameleira 2ª seção
29717727 ferreira / al",SÃO PAULO,428.759.361-82,1951-03-04,73
Enrico Novaes,"vila heloísa barbosa, 666
conjunto são francisco de assis
19537340 farias / rn",PARÁ,457.692.038-38,1950-11-08,73
Ana Clara Moreira,"residencial de aragão
andiroba
91004-368 cardoso / sc",PIAUÍ,075.412.368-53,1936-12-15,87
Enrico Ribeiro,"loteamento lopes, 2
vila satélite
54279721 ramos da prata / ce",PARANÁ,965.734.108-66,1998-02-24,26
Evelyn Aragão,"estrada rebeca caldeira, 440
marçola
11027-170 freitas grande / go",ESPÍRITO SANTO,548.372.061-07,1938-04-19,85
Thales Moreira,"quadra farias
jardim guanabara
71294724 caldeira / ro",RORAIMA,406.135.728-07,1960-07-31,63
Heitor Mendes,"lagoa de farias
alta tensão 2ª seção
86838429 pires / al",AMAZONAS,097.426.351-61,1968-01-13,56
Sarah Nascimento,"largo de da costa, 400
vila jardim alvorada
20608-388 cardoso de cardoso / ce",RONDÔNIA,938.574.026-10,1983-05-14,40
Sra. Yasmin Melo,"loteamento almeida, 821
conjunto santa maria
15401946 nunes de goiás / to",PERNAMBUCO,510.274.968-49,2005-07-22,18
Sr. Marcelo Costela,"chácara clarice da costa, 135
cardoso
90569-230 da luz verde / ba",PIAUÍ,895.603.427-38,2000-08-16,23
Maria Cecília Araújo,"distrito nathan melo, 3
universitário
45685584 almeida / pa",MINAS GERAIS,752.943.601-52,1948-03-20,76
Enzo Gabriel Ribeiro,"recanto nunes, 87
vila união
40623-455 moura / ap",RORAIMA,965.231.708-02,1960-06-20,63
Miguel Da Rosa,"esplanada carvalho, 8
paulo vi
43997-378 correia / ce",GOIÁS,168.907.235-03,1980-04-24,43
Maria Vitória Ferreira,"lago lima, 6
providencia
64509-958 porto / sp",CEARÁ,914.863.027-69,2000-11-09,23
Sr. Vitor Gabriel Gomes,"vale costela, 49
jonas veiga
14400-610 nogueira / mt",ALAGOAS,348.902.157-60,1975-11-29,48
Bianca Pinto,"lagoa sales, 43
vila santa monica 2ª seção
48899443 jesus / al",GOIÁS,541.908.362-06,1943-05-29,80
Igor Melo,"viaduto nogueira
grota
13502920 ferreira do norte / ro",SÃO PAULO,519.307.648-39,1927-03-31,97
Sra. Vitória Carvalho,"jardim fernanda moura, 767
cdi jatoba
32504010 moreira dos dourados / am",MATO GROSSO,528.049.736-38,1989-02-20,35
Sofia Duarte,"morro isaac freitas, 543
vila nova cachoeirinha 2ª seção
97116686 costela / rr",RIO GRANDE DO NORTE,412.835.697-28,2005-07-09,18
Brenda Nogueira,"pátio de almeida, 4
mala e cuia
08990015 aragão da mata / to",AMAZONAS,160.294.358-33,1967-07-23,56
Rafael Fogaça,"setor de da rosa, 401
nova vista
61631-368 cavalcanti do amparo / sp",MARANHÃO,569.137.028-68,1931-03-04,93
Ana Nascimento,"chácara de martins, 14
nossa senhora do rosário
72885-747 moreira / rn",AMAPÁ,295.701.634-61,1951-11-22,72
Dr. Juan Da Rocha,"ladeira de da mota, 16
vila jardim leblon
67696-414 nascimento do amparo / mt",AMAZONAS,475.683.021-80,1949-10-02,74
Ana Laura Rocha,"sítio thomas rodrigues, 41
são damião
21922138 pinto / al",PIAUÍ,531.672.409-70,1992-01-11,32
Maria Alice Da Rocha,"travessa de correia, 46
guarani
34453-251 souza / ac",SÃO PAULO,906.324.817-22,1933-12-22,90
Elisa Lopes,"passarela alexandre da cunha
vila coqueiral
15467-423 cunha / rr",MATO GROSSO,790.412.658-30,1924-07-02,99
Davi Lucca Pereira,"jardim de barros, 16
vila califórnia
19490812 teixeira alegre / ce",AMAZONAS,597.038.421-60,1954-01-28,70
Marina Fogaça,"praça luiz henrique correia, 81
guaratã
57294-260 pereira / pe",GOIÁS,410.275.689-20,1962-04-07,61
Bernardo Ramos,"lagoa luiza gonçalves, 979
piratininga
04066541 da mata / se",AMAPÁ,105.689.243-98,1943-09-03,80
Ana Lívia Lopes,"parque de barbosa, 57
anchieta
16750-400 lima / go",CEARÁ,971.503.862-02,1960-11-10,63
Miguel Silva,"ladeira das neves, 9
nova floresta
61985548 carvalho do sul / pe",RONDÔNIA,920.437.568-00,1984-02-28,40
Sr. Arthur Da Cruz,"lago de cavalcanti
vila betânia
10086-430 nunes / to",SERGIPE,693.084.275-38,1940-06-24,83
Julia Da Mota,"feira nogueira, 68
santo antônio
23309816 da cunha do campo / to",RIO DE JANEIRO,571.402.968-20,1948-09-30,75
Agatha Rocha,"setor de dias
são benedito
48841767 sales da serra / rs",ALAGOAS,853.279.160-30,1971-11-01,52
Isabel Cardoso,"campo da mata, 42
morro dos macacos
65731-340 santos / mg",MATO GROSSO DO SUL,608.127.493-40,1928-08-11,95
Marcos Vinicius Moura,"parque dias, 687
paulo vi
49685-024 mendes / pr",RIO DE JANEIRO,451.293.876-19,1959-11-29,64
Levi Da Cunha,"colônia de viana, 6
pongelupe
67120-856 jesus alegre / se",ALAGOAS,718.469.350-75,1925-04-28,98
Cauã Vieira,"via da mata
bernadete
38006-140 campos / ro",PIAUÍ,427.103.569-61,1947-07-29,76
Maria Alice Ferreira,"praça de duarte, 194
guarani
14287-231 campos das flores / mt",AMAPÁ,105.239.746-80,1986-05-01,37
Dra. Isabelly Souza,"campo de moura, 60
primeiro de maio
96794431 martins grande / rn",DISTRITO FEDERAL,725.469.810-30,1990-05-23,33
Heitor Rezende,"área duarte, 628
conjunto lagoa
02753538 caldeira / rr",ACRE,174.689.053-39,1951-09-28,72
Maria Vitória Jesus,"sítio de moura, 13
paraíso
39110-733 souza do norte / rs",RORAIMA,493.861.520-70,1977-02-16,47
Emanuel Duarte,"rua de fogaça, 71
ouro preto
35703-947 da paz da mata / am",SANTA CATARINA,762.084.591-76,2003-02-23,21
Ian Lima,"rua de martins, 9
união
15652-188 castro / ac",RORAIMA,163.458.907-66,1937-07-05,86
Vitor Alves,"esplanada ana laura oliveira, 667
ribeiro de abreu
79395-958 farias das flores / df",DISTRITO FEDERAL,687.901.342-22,1996-06-13,27
Rafael Ramos,"esplanada almeida, 4
vila fumec
39123310 silveira grande / pr",ALAGOAS,946.581.073-84,1954-05-17,69
Ryan Da Cunha,"morro de cardoso
camponesa 2ª seção
49627-572 dias de da paz / go",SERGIPE,412.637.059-52,1937-11-04,86
Maria Da Cunha,"residencial de duarte
vila união
83800-181 jesus do sul / pe",RIO DE JANEIRO,539.201.486-06,1946-10-07,77
Srta. Milena Cardoso,"praça almeida, 71
capitão eduardo
13730300 ferreira dos dourados / rj",BAHIA,832.047.961-40,1958-03-07,66
Bryan Ramos,"praia costa, 35
jardim leblon
29456317 lopes / go",RORAIMA,043.619.582-89,1993-10-30,30
Luigi Santos,"via luigi peixoto, 61
são gabriel
48847273 porto da mata / ap",AMAPÁ,273.940.165-52,1987-01-04,37
Isabella Duarte,"estrada diogo da mata, 91
vila nova cachoeirinha 3ª seção
89436-034 vieira do oeste / pi",ESPÍRITO SANTO,023.856.714-17,1980-09-28,43
Sophie Azevedo,"rua kaique freitas, 8
universo
75626-745 barros / rr",AMAZONAS,214.796.580-49,1926-08-11,97
Matheus Carvalho,"viela de almeida
união
65843844 barbosa / rn",MINAS GERAIS,592.863.174-09,1963-08-31,60
Júlia Da Cruz,"lagoa joão pedro alves
das industrias i
30340295 oliveira de goiás / pb",GOIÁS,714.093.856-39,1930-02-12,94
Vitor Peixoto,"trevo de cardoso, 40
vale do jatoba
22565-264 da cunha do norte / rs",MATO GROSSO DO SUL,489.215.063-06,1947-07-24,76
Amanda Castro,"favela erick pereira, 672
vila copacabana
16489668 barros / am",RORAIMA,305.817.249-41,1980-04-05,43
Lucas Lima,"vale igor castro, 928
maravilha
19728761 pereira do oeste / ba",BAHIA,240.719.568-01,1932-06-16,91
Raquel Ramos,"vereda de costa, 27
madre gertrudes
11830634 gonçalves / rn",RORAIMA,052.793.146-25,1957-10-16,66
Dra. Rebeca Nascimento,"residencial nogueira, 954
vila oeste
79622-042 sales do norte / pb",TOCANTINS,431.987.625-37,1941-04-07,82
Theo Da Conceição,"fazenda maria ribeiro, 81
vila são paulo
48192917 silva / se",ACRE,846.571.329-46,1995-03-22,29
Thiago Da Cunha,"viela de aragão, 291
união
68336231 moraes de pires / rj",RONDÔNIA,631.409.258-24,1933-06-08,90
Davi Lucas Moreira,"estrada de da costa, 92
vila do pombal
01699471 nascimento de cavalcanti / pa",SERGIPE,169.854.207-02,1964-12-30,59
Helena Costela,"colônia de fogaça, 78
vila aeroporto jaraguá
63760-406 rezende da praia / ac",RORAIMA,950.372.681-68,1996-02-01,28
Beatriz Peixoto,"campo de moura, 904
alto caiçaras
12573-093 da costa de souza / pe",BAHIA,243.718.069-96,1943-04-11,80
Luigi Fernandes,"estação igor cunha, 21
pilar
56540380 peixoto / pb",RORAIMA,846.057.921-20,1976-02-02,48
Gabrielly Almeida,"estrada da conceição, 23
indaiá
00460-397 pires de pereira / ms",PARÁ,831.540.927-14,1958-01-11,66
Samuel Sales,"morro de costela, 73
vila da luz
54910873 da rosa / mg",RONDÔNIA,439.526.781-55,1948-08-19,75
Dr. Otávio Costa,"chácara da conceição, 2
juliana
64511082 campos das flores / ba",CEARÁ,095.216.837-59,1987-08-09,36
Srta. Ana Beatriz Da Mata,"feira de martins, 79
vitoria da conquista
46900111 campos alegre / pa",ALAGOAS,429.807.615-67,1933-01-28,91
João Rodrigues,"colônia duarte, 56
marmiteiros
09414-573 vieira de lopes / pe",PERNAMBUCO,594.081.276-76,1999-02-19,25
Nathan Farias,"travessa joana gonçalves, 44
lajedo
43222-218 barbosa / al",MATO GROSSO,521.097.438-32,1985-01-12,39
Dr. Rafael Pereira,"sítio isis campos, 81
distrito industrial do jatoba
70530-763 da cunha grande / ac",AMAPÁ,581.967.342-55,1967-07-15,56
Júlia Pereira,"lagoa santos
petropolis
36901-640 da cunha / mt",BAHIA,871.263.590-12,1995-02-08,29
Dra. Laura Barbosa,"ladeira de moura, 84
nova suíça
58827544 almeida de da mota / rr",MINAS GERAIS,031.769.482-04,1956-12-23,67
Juliana Pinto,"rodovia sales, 21
vila canto do sabiá
79051-262 mendes / pi",RIO GRANDE DO SUL,385.410.967-93,1953-12-18,70
Joana Monteiro,"parque de costela, 668
aguas claras
24355112 duarte / to",ACRE,138.960.745-39,1968-09-29,55
Dr. Yago Da Rocha,"fazenda cavalcanti, 859
alto barroca
69950997 rezende de goiás / mt",RONDÔNIA,698.157.432-28,1948-06-15,75
Miguel Nogueira,"quadra de ferreira
cenaculo
49974-369 barbosa alegre / pi",PIAUÍ,869.312.407-22,1967-07-12,56
Isadora Da Rocha,"via igor da mata, 81
laranjeiras
85218769 correia / es",AMAPÁ,725.134.690-70,1929-02-20,95
Clara Costela,"trevo joão pedro araújo, 7
sagrada família
68500851 cardoso do amparo / df",ALAGOAS,380.179.245-50,1942-07-13,81
Dr. Enzo Gabriel Rocha,"condomínio da cunha, 4
unidas
30425743 barbosa / pa",ALAGOAS,473.526.019-61,1962-04-03,62
Maysa Monteiro,"parque henrique teixeira, 32
grotinha
57134822 cunha do sul / rr",SANTA CATARINA,615.387.024-44,1929-10-27,94
Maria Alice Da Rosa,"vereda silveira, 8
bom jesus
17672142 costa paulista / rr",PARAÍBA,710.863.549-66,1994-05-09,29
Maysa Lopes,"avenida de araújo, 28
esplanada
01624-960 silva verde / rs",MATO GROSSO,196.075.284-76,1963-05-30,60
Srta. Yasmin Jesus,"fazenda letícia costela, 6
petropolis
61073-640 cardoso do campo / am",PARÁ,586.104.732-44,1932-05-28,91
Mariana Costela,"campo peixoto, 75
independência
20101298 sales / sc",RIO GRANDE DO NORTE,372.684.905-00,1985-11-09,38
Clara Almeida,"parque eloah costa, 91
são geraldo
63810102 da cunha / rs",ALAGOAS,842.609.735-92,1988-11-23,35
Sofia Aragão,"rua de santos, 955
ambrosina
57866655 silveira de costela / rs",MATO GROSSO DO SUL,687.231.504-08,1988-08-13,35
Elisa Barros,"estrada sales, 13
jardim felicidade
75253131 silveira grande / rn",ESPÍRITO SANTO,546.180.379-20,1997-01-19,27
Joana Silva,"chácara miguel fogaça
laranjeiras
52800515 souza verde / pe",PERNAMBUCO,349.051.867-57,1999-09-19,24
Lorenzo Porto,"avenida de araújo, 1
nossa senhora da aparecida
80268064 farias do norte / go",MINAS GERAIS,812.943.670-13,1960-05-14,63
Vitória Barbosa,"vale de monteiro, 267
marieta 2ª seção
18778381 rocha de novaes / es",SÃO PAULO,583.672.910-77,1976-10-19,47
Alícia Da Rosa,"trecho luana barros, 338
santa maria
59886-064 oliveira dos dourados / mg",MARANHÃO,035.689.421-51,1940-04-05,83
Lucas Monteiro,"parque enzo almeida, 62
piratininga
40855025 mendes de cardoso / ac",ALAGOAS,739.164.508-75,1926-12-11,97
Rodrigo Caldeira,"condomínio joana lima
piratininga
68175-021 aragão / mt",BAHIA,816.723.954-37,1976-12-22,47
Luna Rezende,"esplanada matheus da costa, 90
paulo vi
45629272 da cunha do sul / rn",RORAIMA,456.197.830-57,1972-05-21,51
Diogo Rezende,"residencial novaes, 84
vila da amizade
20541475 souza / pi",BAHIA,680.419.253-24,1943-12-01,80
Anthony Da Costa,"praia ian da mota, 383
nova cintra
10778-914 azevedo / ro",SANTA CATARINA,805.693.271-21,1959-01-09,65
Maria Cecília Vieira,"rodovia emanuel da cruz
nova esperança
55412380 barbosa / pe",AMAZONAS,716.239.854-55,1965-07-10,58
Sra. Maria Julia Novaes,"ladeira da cruz, 635
coqueiros
88216574 cavalcanti da serra / ba",PARAÍBA,019.487.625-01,1981-04-27,42
João Pedro Peixoto,"trecho cavalcanti, 3
acaba mundo
20198027 cardoso / pr",ACRE,243.158.976-55,1960-02-10,64
Alana Fernandes,"estação rocha, 975
marieta 2ª seção
56651-581 cavalcanti de silveira / sc",TOCANTINS,198.257.643-09,1976-08-29,47
Sra. Mirella Rezende,"vale de cavalcanti, 98
vila havaí
39064-438 da mota / es",ACRE,247.910.538-50,1973-08-29,50
Gabrielly Moreira,"lago caldeira, 363
barão homem de melo 1ª seção
77549-927 cardoso / am",MATO GROSSO,608.432.751-62,1971-09-18,52
Sra. Sofia Souza,"vila gomes, 366
serra
76107-117 da costa / pb",GOIÁS,605.384.719-48,1933-06-14,90
Mariane Melo,"rodovia ana beatriz cardoso, 97
etelvina carneiro
35020-490 da costa grande / pr",SANTA CATARINA,735.619.820-77,1949-12-16,74
Lorena Souza,"vereda sales, 83
ouro minas
23049-591 da mata / al",AMAPÁ,048.652.197-49,1987-06-15,36
Fernando Da Mata,"ladeira clara da cruz, 37
aparecida 7ª seção
12075780 mendes de pires / pb",PIAUÍ,280.156.437-08,1996-06-30,27
Laura Cardoso,"setor de costa, 1
nova america
31050205 da conceição / es",ALAGOAS,821.405.736-17,1994-04-26,29
Marina Da Cruz,"avenida castro, 718
santo agostinho
39257-743 sales paulista / pe",PIAUÍ,724.183.650-26,1972-06-21,51
Maria Rocha,"recanto isabel da conceição, 6
vila madre gertrudes 4ª seção
17777517 dias / rs",MATO GROSSO DO SUL,163.247.980-03,1984-11-02,39
Pedro Henrique Almeida,"núcleo de rodrigues, 95
maria virgínia
67632-408 jesus / am",AMAPÁ,318.764.950-57,1977-08-25,46
Dr. Davi Luiz Nunes,"setor de barros, 58
vila ouro minas
24854-759 rodrigues / sp",AMAPÁ,604.579.123-16,1935-08-19,88
Vitor Gabriel Costela,"praia pietra caldeira, 60
túnel de ibirité
60413-374 da mota dos dourados / go",MATO GROSSO DO SUL,175.409.326-43,1967-04-15,56
Dr. Luigi Barbosa,"quadra yasmin caldeira, 4
salgado filho
37428997 moreira do galho / pe",DISTRITO FEDERAL,641.739.085-39,1924-11-24,99
Rodrigo Azevedo,"praia de nogueira
califórnia
47799937 rodrigues / es",MINAS GERAIS,687.410.953-75,2001-12-06,22
Pedro Henrique Cardoso,"rua de castro, 65
vila jardim são josé
53839-720 fernandes paulista / pa",ESPÍRITO SANTO,324.017.958-04,1973-05-31,50
Sr. João Cardoso,"pátio antônio da mota, 79
maria virgínia
80967-589 da luz / pr",GOIÁS,032.758.964-74,2005-03-03,19
Maria Julia Nunes,"setor de ferreira
lorena
53700673 da luz / rn",MATO GROSSO,381.756.402-35,1947-10-09,76
Fernanda Duarte,"vereda da rocha, 6
bandeirantes
97565092 rodrigues do galho / ma",AMAZONAS,453.216.980-15,2000-10-31,23
Marcos Vinicius Oliveira,"parque de azevedo, 8
lagoinha leblon
23921-386 alves / al",MATO GROSSO DO SUL,280.153.796-95,1943-03-02,81
Leandro Aragão,"campo gabriela rodrigues, 9
piraja
67344423 porto do amparo / ac",RONDÔNIA,124.573.098-32,1924-10-17,99
Maria Alice Vieira,"via nogueira, 82
andiroba
03233-852 moraes / se",ALAGOAS,832.506.714-44,1955-05-04,68
Ana Luiza Jesus,Endereço não informado!!,BAHIA,541.896.327-91,1958-06-14,65
Guilherme Cardoso,"trevo nicole da cruz, 7
conjunto providencia
11509884 cavalcanti de minas / rs",SANTA CATARINA,197.582.630-21,1952-03-27,72
Luiz Felipe Azevedo,"campo erick fernandes, 464
são benedito
76887327 campos de mendes / ac",RIO GRANDE DO NORTE,439.160.725-52,1975-03-19,49
Nathan Araújo,"quadra de martins
nazare
23016-369 oliveira de minas / am",PARANÁ,813.402.695-89,1963-06-14,60
Clara Ferreira,"fazenda de ferreira, 76
conjunto paulo vi
54239086 nunes / ms",GOIÁS,467.319.852-28,1945-01-22,79
Felipe Da Mata,"estrada gabrielly rocha, 634
ouro minas
95202077 viana / pa",RONDÔNIA,634.920.187-69,1938-12-02,85
Enzo Gabriel Azevedo,"estação cardoso, 175
barão homem de melo 1ª seção
09804148 gonçalves do galho / sc",PARÁ,789.531.604-48,1956-04-27,67
Maitê Barbosa,"estrada duarte, 37
marmiteiros
24369771 ribeiro do galho / ms",DISTRITO FEDERAL,231.648.705-07,2003-05-18,20
Srta. Isis Da Cruz,"praia moreira, 20
são jorge 2ª seção
94716-893 duarte da mata / to",RONDÔNIA,073.618.249-78,1934-08-30,89
Otávio Da Mata,"largo de da cruz, 431
mangueiras
02714780 azevedo / to",PARANÁ,835.072.469-29,1972-05-06,51
Sophie Castro,"trevo de moraes, 78
bairro das indústrias ii
45125491 sales / to",RIO GRANDE DO NORTE,165.328.479-09,1983-05-27,40
Diogo Da Cunha,"distrito kaique costa, 17
novo glória
46996567 souza do galho / rj",MARANHÃO,263.895.041-60,1990-05-29,33
Benício Fernandes,"condomínio da cunha, 964
conjunto califórnia i
67255-410 da cruz / es",ALAGOAS,389.160.527-77,1993-09-13,30
João Pedro Silva,"praia de almeida, 38
vila nova gameleira 3ª seção
54576-192 vieira da prata / mg",PERNAMBUCO,523.846.091-06,1978-12-25,45
Heloísa Cunha,"aeroporto santos, 94
ademar maldonado
41937-961 moraes do sul / pi",PERNAMBUCO,260.935.487-83,2003-11-15,20
Bruno Novaes,"alameda de da mata, 18
barroca
13387129 gomes / ms",AMAPÁ,190.734.658-93,1951-04-05,72
Levi Cavalcanti,"aeroporto aragão, 8
guarani
57857653 rocha / df",BAHIA,291.367.458-55,1944-03-25,80
João Pedro Lopes,"vereda daniel gonçalves, 6
bacurau
96830-555 cardoso / pb",SÃO PAULO,407.389.216-96,1970-04-15,53
Heloísa Da Luz,"conjunto de cunha, 63
estrela
07472157 almeida alegre / sp",RONDÔNIA,569.471.830-57,1963-01-03,61
Lorena Gomes,"rodovia de cavalcanti, 47
capitão eduardo
09605665 ribeiro / ap",SERGIPE,298.036.457-65,2004-03-18,20
Milena Vieira,"loteamento thiago fernandes, 51
graça
12694-138 martins / pb",DISTRITO FEDERAL,623.518.490-51,1927-01-05,97
Milena Ramos,"praça breno ribeiro
vista do sol
12554-127 viana de jesus / pb",SÃO PAULO,160.527.493-34,1977-09-06,46
Vitor Hugo Ramos,"viela alice nogueira, 65
olaria
24640044 duarte verde / ma",DISTRITO FEDERAL,286.790.413-78,1951-02-14,73
Ana Julia Nascimento,"aeroporto cavalcanti
coqueiros
47705002 farias / se",PARÁ,197.034.862-31,1960-10-04,63
Dr. Enrico Carvalho,"travessa de santos
garças
00882775 nogueira do oeste / mt",PERNAMBUCO,254.079.386-00,1969-04-10,54
Vitor Hugo Cunha,"passarela isis porto, 38
capitão eduardo
59540065 da cruz / pa",SANTA CATARINA,701.638.549-39,1933-02-02,91
Dr. Samuel Moura,"parque daniel pinto, 7
vista alegre
12655421 gomes da praia / mt",DISTRITO FEDERAL,402.517.398-05,2001-11-24,22
Luana Nascimento,"vila letícia da paz, 17
marajó
64325-663 costa / ce",MATO GROSSO DO SUL,314.726.089-50,1993-12-13,30
Dra. Maria Vitória Viana,"colônia de moura
morro dos macacos
29779-356 campos / pr",PERNAMBUCO,250.397.846-00,1926-03-20,98
Sr. Calebe Duarte,"alameda joão pedro castro, 14
vila fumec
55701851 mendes / am",BAHIA,936.124.087-04,1963-05-07,60
Leonardo Costela,"via de jesus
caetano furquim
82505-115 costa do galho / mg",MARANHÃO,624.850.739-29,1992-11-16,31
Benício Moreira,"feira marcos vinicius da cruz, 317
leonina
67749-105 teixeira / ma",DISTRITO FEDERAL,136.294.085-24,1980-01-21,44
Lucca Mendes,"via de ferreira, 44
cidade jardim
02171-958 da cunha das flores / mg",AMAPÁ,819.720.564-76,1940-10-16,83
Sophie Farias,"aeroporto de ribeiro, 65
mariquinhas
76708298 aragão de silveira / am",SÃO PAULO,741.608.539-00,1936-05-09,87
Bruna Da Rocha,"loteamento otávio freitas, 74
camponesa 2ª seção
58449619 viana do amparo / to",MATO GROSSO,845.291.376-19,1961-06-10,62
Heitor Nascimento,"área maria fernanda pinto
nova pampulha
46952516 cunha / mt",ACRE,493.578.106-84,1942-06-30,81
Rafael Porto,"alameda da mata, 64
vila boa vista
13036-905 gonçalves / mg",ESPÍRITO SANTO,629.875.103-30,1996-04-24,27
Luiz Miguel Da Paz,"estrada de ribeiro, 73
buritis
43666-726 da paz da mata / mg",PARAÍBA,647.531.029-80,1993-06-20,30
Srta. Pietra Duarte,"aeroporto de nascimento, 13
pongelupe
16189813 ramos da serra / pr",RORAIMA,913.870.246-04,1928-07-02,95
Eloah Cunha,"chácara de costa, 62
aparecida
43036-509 fogaça / pi",PERNAMBUCO,908.156.243-60,2001-10-13,22
Bruna Rodrigues,"campo da costa, 719
olaria
49786000 fogaça da mata / go",RIO GRANDE DO NORTE,625.170.489-67,2002-04-06,21
Felipe Monteiro,"quadra de monteiro, 43
novo das industrias
16650333 gomes de araújo / ce",AMAZONAS,172.589.603-68,1926-12-21,97
Isis Campos,"estrada pereira
vila batik
49494827 fernandes / pe",RIO GRANDE DO SUL,178.409.325-41,1986-01-03,38
Vitor Novaes,"lagoa de da rocha, 60
jardim atlântico
97946895 da cruz de melo / pi",SÃO PAULO,586.721.034-08,1946-07-07,77
Yago Porto,"parque alícia cavalcanti, 234
vila piratininga
01007-185 alves / ce",TOCANTINS,907.486.135-01,1981-07-29,42
Guilherme Campos,"largo de duarte, 24
barro preto
42665-603 das neves / ba",GOIÁS,354.908.721-79,1968-11-20,55
Vitor Moraes,"campo enrico lima, 20
trevo
56440-418 rodrigues do campo / to",RIO GRANDE DO SUL,297.413.560-99,1998-04-02,26
João Gabriel Jesus,"favela martins, 7
barão homem de melo 2ª seção
94838-720 vieira / es",TOCANTINS,790.215.864-01,1925-06-10,98
Dr. Vitor Hugo Rezende,"ladeira barros, 84
xodo-marize
45531-581 santos / ap",MATO GROSSO,796.504.218-58,1995-06-07,28
Dr. Arthur Carvalho,"jardim silveira, 35
dona clara
99094-166 moraes do campo / rr",RIO GRANDE DO SUL,081.475.329-97,1985-12-10,38
Ryan Mendes,"viaduto evelyn ribeiro, 56
dom silverio
54406-144 caldeira de minas / mg",PIAUÍ,239.647.518-55,1978-04-27,45
Ana Laura Silva,"campo de farias, 77
paulo vi
80754-580 lima paulista / am",PIAUÍ,485.623.907-47,1946-04-24,77
Lorenzo Novaes,"loteamento alice freitas, 3
santa lúcia
92358-703 teixeira / al",SERGIPE,370.214.859-05,1979-08-31,44
Cauê Cardoso,"trecho alícia monteiro, 61
são jorge 3ª seção
48780702 da paz das flores / al",SANTA CATARINA,019.326.548-60,2005-08-09,18
Dra. Ana Luiza Silveira,"alameda pinto, 59
cinquentenário
44694-989 barros de freitas / mt",ALAGOAS,324.769.180-40,1941-05-07,82
Lavínia Azevedo,"condomínio larissa teixeira, 216
olhos d'água
41107119 araújo de alves / ba",RORAIMA,318.962.570-03,1948-10-17,75
Letícia Jesus,"vale de da mata, 75
bela vitoria
70957619 pinto da prata / to",MATO GROSSO DO SUL,451.962.387-19,1947-04-25,76
Bruna Ribeiro,"trevo beatriz cardoso
prado
69816-364 silveira de da cunha / ap",DISTRITO FEDERAL,352.689.470-10,1952-09-11,71
Theo Da Mata,"feira souza, 65
santa helena
50266088 novaes do norte / al",MATO GROSSO DO SUL,758.604.312-44,1958-08-04,65
João Gabriel Porto,"fazenda luiza campos, 62
horto
82245-415 farias / go",SÃO PAULO,956.247.831-91,1972-08-14,51
Maria Julia Freitas,"loteamento de gomes, 86
liberdade
11683-949 nogueira / rs",AMAZONAS,178.405.623-53,1950-08-31,73
Dr. Otávio Barros,"condomínio marina costela, 29
morro dos macacos
55993-371 peixoto de goiás / rr",SÃO PAULO,683.710.592-21,1997-04-16,26
Yasmin Gomes,"feira letícia nascimento, 5
unidas
19530508 duarte / ma",SERGIPE,827.516.430-35,1924-06-28,99
Sofia Novaes,"aeroporto de ribeiro, 57
coração de jesus
29650-538 pinto do sul / mt",PARANÁ,576.349.820-83,1979-07-31,44
Ian Da Luz,"feira moura, 2
das industrias i
02663-431 lopes do sul / pb",RIO GRANDE DO SUL,152.378.096-77,1988-10-26,35
Davi Luiz Souza,"favela peixoto, 76
mangueiras
26284015 dias / pe",SANTA CATARINA,857.341.602-53,1947-10-04,76
Cecília Araújo,"distrito rezende, 61
jardim américa
93259-309 mendes de azevedo / mt",AMAPÁ,032.146.758-26,2004-08-02,19
Luiz Gustavo Duarte,"favela caldeira, 98
maria helena
45764587 porto / df",TOCANTINS,381.072.456-44,1964-10-03,59
Ana Julia Cardoso,"chácara campos, 423
vila são geraldo
16112198 peixoto / mg",RONDÔNIA,704.253.981-88,1996-10-19,27
Gabrielly Lima,"parque alves, 70
flavio de oliveira
53410009 ramos de rezende / rn",RONDÔNIA,560.172.389-30,1925-06-30,98
Heloísa Ribeiro,"sítio luiz gustavo cunha
nova vista
04718173 cardoso de rocha / rj",ESPÍRITO SANTO,437.291.568-37,1960-12-19,63
Letícia Costa,"viela yago oliveira, 70
serrano
09463-810 farias paulista / rn",SÃO PAULO,530.469.218-70,1980-05-19,43
Ana Beatriz Da Rocha,"alameda joão fernandes, 25
estrela do oriente
46344769 teixeira de fogaça / go",RONDÔNIA,438.759.201-04,1944-12-18,79
Benjamin Moura,"trevo de rezende, 83
coqueiros
11231-598 peixoto / al",PARAÍBA,975.431.028-97,2002-04-15,21
Ana Julia Fogaça,"área de gonçalves, 31
vila real 2ª seção
21471-324 lopes de da mota / rr",AMAZONAS,103.764.259-70,1986-05-15,37
Clara Da Mata,"aeroporto de gomes, 936
vila santo antônio
04382205 carvalho alegre / mt",TOCANTINS,354.672.908-00,1983-08-09,40
Fernanda Oliveira,"trevo correia, 72
olhos d'água
44387-007 moreira / rn",SANTA CATARINA,102.938.745-14,1981-10-30,42
Laura Das Neves,"viaduto vitor gabriel ferreira, 32
minas brasil
10002726 correia / go",RORAIMA,723.640.589-29,1999-02-26,25
Lívia Teixeira,"alameda teixeira, 9
vila são joão batista
26639-492 correia / al",PARAÍBA,694.720.583-29,1984-05-09,39
Eloah Moreira,"pátio de nunes, 3
vila nova dos milionarios
69899911 gonçalves da mata / ce",PARANÁ,904.361.758-00,1934-06-08,89
Lívia Cardoso,"campo de da paz
nova vista
48502-316 costela / pe",TOCANTINS,619.543.702-61,1936-05-14,87
Augusto Freitas,"trevo marcos vinicius jesus, 4
alpes
23410-106 araújo / al",PARAÍBA,930.751.648-01,1961-08-23,62
Raquel Fernandes,"parque de teixeira, 132
vila de sá
37918-718 da luz grande / am",DISTRITO FEDERAL,467.250.891-94,1947-05-24,76
Sr. Anthony Da Costa,"área lima, 7
vila são francisco
74051-909 castro / pi",PIAUÍ,614.295.730-07,1991-06-12,32
Murilo Melo,"trecho pires, 10
nazare
61544643 fogaça / ms",AMAPÁ,431.069.572-80,2001-11-21,22
Srta. Mirella Barbosa,"pátio de da rosa
glória
13351-045 cardoso de goiás / se",MATO GROSSO DO SUL,430.561.789-75,1939-01-31,85
Gabriela Das Neves,"avenida emilly pereira
distrito industrial do jatoba
55933377 melo de farias / al",ACRE,437.950.268-65,1983-04-17,40
Bruno Da Cunha,"quadra costa
bonsucesso
67500713 da rocha alegre / ma",DISTRITO FEDERAL,259.608.134-24,1994-05-08,29
Alexandre Rodrigues,"vale rezende, 20
juliana
20752-947 sales / al",AMAPÁ,740.685.192-85,1966-07-07,57
Natália Rezende,"sítio nascimento, 64
são lucas
48051121 azevedo de goiás / mg",PARANÁ,784.015.962-11,1962-04-30,61
Emilly Caldeira,"estrada eduardo porto, 85
boa vista
91509-960 martins alegre / ma",ACRE,732.591.046-07,2000-05-28,23
Levi Azevedo,"estação da cruz, 13
primeiro de maio
42793309 carvalho / pi",MARANHÃO,639.852.417-91,1939-02-05,85
Nicole Da Rocha,"distrito clara viana, 41
lajedo
54222151 fogaça / ce",SÃO PAULO,567.238.104-90,2000-10-07,23
Joana Moreira,"viela de das neves, 139
novo glória
61687564 lima / df",PIAUÍ,435.012.968-51,1959-08-18,64
Maria Eduarda Almeida,"travessa de barros, 4
santa helena
15465108 farias de aragão / pb",PERNAMBUCO,573.694.082-56,1952-03-12,72
Marcela Da Cruz,"viela viana, 95
santa rita de cássia
96728-974 da costa / ce",TOCANTINS,876.904.123-78,1932-03-05,92
Helena Nunes,"feira vieira, 28
vila são dimas
98682-147 costa de goiás / sc",RIO GRANDE DO NORTE,843.906.512-42,1937-08-16,86
Isaac Oliveira,"rodovia cardoso, 377
santa cecilia
73265406 teixeira alegre / mt",RIO DE JANEIRO,209.418.756-01,1973-08-22,50
Manuela Pinto,"praia almeida, 6
beira linha
27060932 carvalho / am",SANTA CATARINA,094.728.615-20,1984-04-13,39
Bryan Ramos,"aeroporto de da rocha, 27
união
59692448 da mata do sul / ms",PARAÍBA,681.425.907-94,1988-06-03,35
Sr. Enzo Gabriel Fernandes,"rodovia laís nunes, 50
vila madre gertrudes 2ª seção
84491232 peixoto / rr",MINAS GERAIS,769.083.251-21,2005-08-24,18
Brenda Ramos,"rodovia de souza, 416
conjunto são francisco de assis
69793970 da luz do sul / pi",MINAS GERAIS,269.478.305-83,1926-04-19,97
Yuri Rezende,"praia costa, 3
vila santo antônio barroquinha
01477044 farias de nogueira / ac",MATO GROSSO,564.392.810-89,1926-04-17,97
Luiz Miguel Da Costa,"via porto
conjunto capitão eduardo
65105570 da rosa dos dourados / pr",SERGIPE,630.714.952-34,1950-03-09,74
Enzo Nogueira,"campo cauã freitas, 66
xangri-lá
85645933 moraes verde / pb",RONDÔNIA,187.306.492-69,1961-08-01,62
Davi Lucca Azevedo,"condomínio cunha, 74
camponesa 2ª seção
72670-629 viana / pa",AMAZONAS,035.761.849-10,1956-09-30,67
Luiz Otávio Fernandes,"núcleo pietro barros
vila piratininga
50655-157 fernandes / pe",MINAS GERAIS,716.089.542-85,1954-08-08,69
Thomas Correia,"aeroporto melo, 31
conjunto celso machado
30242-400 nunes verde / ac",BAHIA,083.695.147-66,1947-02-14,77
Davi Lucca Teixeira,"condomínio de lima, 66
mirtes
13523-948 moraes / go",RIO GRANDE DO SUL,647.105.832-26,1941-11-16,82
Luiz Gustavo Ribeiro,"pátio davi lucca viana, 6
gameleira
40343223 pires / pa",PARAÍBA,149.782.036-78,1994-09-19,29
Pietra Da Mata,"feira gonçalves, 4
vila paquetá
10286777 santos / ap",MATO GROSSO DO SUL,427.051.638-08,1957-05-27,66
Joaquim Azevedo,"núcleo viana
conjunto jatoba
11680837 moraes / rn",GOIÁS,016.243.957-16,1955-03-25,69
Sra. Agatha Melo,"feira de oliveira, 1
mariquinhas
46119-752 moura de minas / rn",RORAIMA,506.139.824-60,1998-02-10,26
Maria Julia Lopes,"campo araújo, 10
tiradentes
67151-903 da cunha / go",RONDÔNIA,613.875.920-68,1969-04-02,55
Dr. Marcelo Cardoso,"lagoa ana sophia oliveira
pedreira padro lopes
62532-432 teixeira / rn",MARANHÃO,862.405.317-07,1945-04-15,78
Catarina Moreira,"jardim sales, 42
conjunto minas caixa
22835-296 ribeiro do sul / ro",MINAS GERAIS,207.584.916-11,1991-03-29,33
Heitor Vieira,"morro aragão, 796
estrela
42612-351 lima / mt",AMAZONAS,089.275.634-92,1950-01-27,74
Luiz Fernando Da Luz,"aeroporto pietro oliveira, 4
parque são josé
30217731 nogueira de minas / rr",MINAS GERAIS,071.354.698-01,1950-04-09,73
Sabrina Silva,"rodovia pedro henrique santos, 46
lagoa
22369254 costa / al",RIO GRANDE DO SUL,216.943.807-69,1939-06-06,84
Luiz Henrique Martins,"praia ferreira, 17
heliopolis
19236-190 costela do galho / rj",ALAGOAS,648.913.572-82,1978-10-21,45
Catarina Carvalho,"vila de farias, 46
minas caixa
76084-492 da paz / al",PERNAMBUCO,196.045.738-10,1977-05-29,46
Ana Vitória Azevedo,"campo yasmin moreira, 49
funcionários
43663-204 freitas / ap",RONDÔNIA,529.648.701-01,1947-08-10,76
Thales Campos,"avenida lavínia castro, 46
marieta 2ª seção
68968100 cavalcanti / sp",PARAÍBA,412.839.065-89,1943-03-08,81
Thales Oliveira,"condomínio levi almeida
vila nova cachoeirinha 3ª seção
36960-943 araújo / am",GOIÁS,369.124.870-50,1941-06-24,82
Fernanda Cavalcanti,"viela isis gomes, 43
petropolis
41621418 sales / ap",ALAGOAS,912.605.384-51,1953-11-28,70
Dr. João Gabriel Da Conceição,"jardim luiz felipe duarte, 1
bela vitoria
95860979 freitas do amparo / rr",AMAZONAS,831.674.905-00,1977-08-31,46
Noah Barros,"jardim almeida, 48
belvedere
96441879 gonçalves / ms",ESPÍRITO SANTO,310.286.579-86,1991-12-22,32
Dr. Felipe Novaes,"pátio de ribeiro, 16
pindura saia
56423394 martins do campo / rj",ESPÍRITO SANTO,685.213.097-59,1972-10-29,51
Luiz Fernando Aragão,"ladeira mariane santos, 7
distrito industrial do jatoba
22231939 lopes de vieira / se",DISTRITO FEDERAL,120.947.865-01,2004-09-15,19
Ana Júlia Cardoso,"vila silveira, 86
gameleira
42269180 barros / pb",BAHIA,812.569.704-76,1941-11-04,82
Marina Ramos,"ladeira duarte, 35
urca
65624052 da rocha de minas / mt",AMAZONAS,068.459.237-10,1963-05-08,60
Dra. Joana Lopes,"viaduto de novaes, 952
dom cabral
69283354 correia / sp",SERGIPE,619.802.457-11,1966-06-26,57
Isabel Duarte,"aeroporto isaac da conceição, 1
vila jardim montanhes
56147352 da mota / mt",ACRE,146.897.230-87,1966-12-27,57
Paulo Jesus,"fazenda de porto, 4
santa lúcia
21597335 jesus da praia / pr",RIO DE JANEIRO,078.429.635-92,1970-04-25,53
Laura Costa,"distrito de moraes, 56
alto vera cruz
37718933 mendes / ap",ALAGOAS,540.362.179-25,1940-02-27,84
Sra. Milena Pinto,"jardim novaes, 13
sion
42069-041 ribeiro das flores / ro",PERNAMBUCO,280.361.495-24,1960-02-29,64
Danilo Ribeiro,"ladeira de da conceição, 76
venda nova
04773-982 alves / to",MINAS GERAIS,109.426.753-80,1956-06-20,67
Lívia Nunes,"passarela de porto, 65
pousada santo antonio
35531-299 mendes do amparo / pi",BAHIA,742.380.591-23,1975-03-14,49
Alícia Rodrigues,"travessa de farias, 9
esplanada
66582980 rodrigues de pinto / rs",GOIÁS,349.576.012-16,1972-08-26,51
Agatha Rezende,"parque da luz, 3
grajaú
70106998 rocha do campo / rr",MARANHÃO,057.128.349-79,1929-10-25,94
Juliana Santos,"parque de silveira, 6
são jorge 3ª seção
94014349 oliveira de alves / ms",SERGIPE,605.283.719-59,1930-09-18,93
Maria Fernanda Da Conceição,"campo santos, 714
alto barroca
91375590 araújo / rj",AMAZONAS,408.753.129-50,1961-09-26,62
Daniela Barbosa,"área de moreira, 82
das industrias i
57160931 pinto / df",RORAIMA,861.325.749-64,1988-04-19,35
Arthur Pinto,"viela kamilly cunha
vista do sol
09969992 peixoto / sp",GOIÁS,562.304.791-25,1993-07-08,30
Emanuel Aragão,"campo de da cruz, 22
conjunto são francisco de assis
97327024 dias / sc",SANTA CATARINA,910.648.375-57,1982-09-04,41
Dra. Alice Vieira,"rodovia cunha
das industrias i
80439-199 aragão de minas / ma",PARÁ,936.471.508-00,1946-12-28,77
Maria Cecília Moreira,"passarela joão pedro nunes, 6
vila oeste
84706-059 fernandes de nogueira / df",MATO GROSSO DO SUL,805.671.324-71,1959-02-18,65
,"estação alves, 8
vila petropolis
42191461 correia / pe",PERNAMBUCO,532.789.041-41,1950-10-01,73
Maria Vitória Campos,"viela da costa, 16
canadá
89005-825 monteiro do galho / ma",PERNAMBUCO,380.514.679-57,1968-07-05,55
Isabel Da Conceição,"vale nogueira, 8
bela vitoria
66713-213 da cruz verde / ce",CEARÁ,819.074.635-93,1934-11-12,89
,"parque helena pires, 852
vila jardim são josé
41877182 lima / al",RORAIMA,013.469.728-69,1979-09-06,44
Dr. Thomas Nunes,"vereda da mota, 37
vila da luz
50836-481 moura / se",PIAUÍ,967.831.542-46,1942-08-14,81
Lucca Moura,"praia bryan martins, 8
santa amelia
78906-852 araújo / se",PIAUÍ,718.324.506-35,1986-12-20,37
Diogo Souza,"largo maysa cavalcanti, 6
vila satélite
94991-235 ferreira da mata / ap",MINAS GERAIS,169.208.537-95,1958-07-13,65
Juliana Costa,"alameda de campos, 32
vila são rafael
35493-001 cardoso da serra / al",RIO GRANDE DO NORTE,980.314.567-39,1970-08-20,53
Eduarda Da Costa,"jardim de lima, 1
das industrias i
92943262 da cruz / mt",SERGIPE,739.064.581-48,1935-07-10,88
Alana Freitas,"aeroporto noah jesus
diamante
89754-825 martins / ba",MATO GROSSO DO SUL,427.865.193-73,1973-07-15,50
Murilo Ramos,"feira jesus, 20
aparecida 7ª seção
51628446 cavalcanti da praia / df",PIAUÍ,374.259.681-00,1927-01-02,97
Cecília Souza,"campo emanuelly gonçalves, 51
novo glória
59410-071 carvalho / ba",RONDÔNIA,294.870.651-30,2003-04-15,20
Raul Martins,"alameda de carvalho, 150
saudade
84797278 vieira / rr",PERNAMBUCO,187.365.402-26,1927-10-17,96
Renan Cavalcanti,"trevo nina pereira, 99
álvaro camargos
69871484 novaes / ce",AMAZONAS,072.685.391-77,1954-05-29,69
Sr. Diego Pires,"morro eduarda farias, 92
aarão reis
37463172 castro / ac",SERGIPE,842.107.593-41,1989-10-25,34
Sofia Da Rocha,"vale davi luiz dias, 709
vila oeste
89234785 silva da serra / ce",SANTA CATARINA,719.034.862-03,1966-10-08,57
Lorenzo Dias,"favela elisa barbosa, 521
jardim vitoria
00115723 cardoso / sc",PARANÁ,271.346.098-04,1925-09-08,98
Sr. Vitor Souza,"aeroporto laura gonçalves, 7
vila vista alegre
73615-878 ramos de goiás / mg",ALAGOAS,426.583.097-83,1950-11-04,73
Vitor Gabriel Cardoso,"setor de da luz, 81
são cristóvão
41556-273 caldeira alegre / go",TOCANTINS,354.802.917-50,1993-10-14,30
Pedro Rodrigues,"trevo de moreira, 63
araguaia
62981-534 ferreira de dias / pi",ACRE,790.846.152-20,1925-07-17,98
Eduarda Teixeira,"ladeira peixoto, 85
são marcos
20590392 da mota / ma",TOCANTINS,745.360.218-17,1947-07-26,76
Daniel Oliveira,"colônia maitê cardoso
copacabana
07346251 pereira de minas / df",GOIÁS,753.108.264-08,1989-09-09,34
Isadora Nogueira,"praia de campos, 94
candelaria
17994-979 farias / pr",BAHIA,129.350.847-05,1994-10-29,29
Sr. Fernando Moraes,"área moreira, 8
grajaú
53772543 lima / pa",PIAUÍ,768.291.350-95,1927-08-06,96
Luiza Araújo,"jardim de dias
mirtes
61141993 lima do galho / ce",PARAÍBA,246.095.783-10,1954-03-28,70
Maria Luiza Pires,"viela de gonçalves, 79
vila havaí
33045503 pinto grande / sc",PARÁ,620.159.487-67,1977-08-23,46
João Lucas Das Neves,"campo de nascimento, 5
serra do curral
96012712 rezende da praia / sp",PARANÁ,974.016.258-49,1975-03-17,49
Vitor Gabriel Carvalho,"viaduto farias, 15
sagrada família
80186-004 moura / pr",GOIÁS,387.652.940-92,1937-08-14,86
Henrique Sales,"jardim cavalcanti, 94
petropolis
67401928 aragão alegre / ba",RIO DE JANEIRO,196.308.745-39,1966-05-21,57
Henrique Ferreira,"lago de lopes, 6
floramar
54884-139 barbosa / go",ACRE,360.921.457-07,1994-10-25,29
Dra. Raquel Da Mota,"aeroporto de fogaça, 29
santa sofia
37979425 santos / to",DISTRITO FEDERAL,263.497.108-78,1991-01-02,33
Levi Melo,"travessa de da luz, 42
vila nova paraíso
27079723 farias / ms",Desconhecido,513.948.627-09,1988-05-03,35
Ana Luiza Gomes,"estação de da costa, 211
pilar
07901-377 da costa da serra / pa",PARAÍBA,287.963.510-12,1991-08-14,32
Isaac Fernandes,"recanto rodrigues, 80
minas caixa
44325-470 ramos de minas / pi",DISTRITO FEDERAL,572.193.064-07,1946-04-26,77
Leandro Fernandes,"praia daniel barbosa, 847
silveira
71207-030 barbosa / ba",ALAGOAS,018.526.394-15,1958-10-19,65
Dr. Breno Sales,"estação miguel rodrigues
coração de jesus
28628-790 monteiro do sul / al",ACRE,135.280.496-42,1946-05-08,77
Rafael Araújo,"trevo sofia moreira, 67
alta tensão 1ª seção
71613-443 gonçalves de moraes / ce",ESPÍRITO SANTO,481.270.635-17,1939-09-25,84
Eduardo Da Costa,"quadra de alves, 729
camponesa 2ª seção
59140-150 castro / pa",MATO GROSSO DO SUL,043.291.768-31,1950-06-14,73
Dra. Larissa Fernandes,"aeroporto jesus, 2
são francisco
56777283 mendes do galho / es",SERGIPE,562.739.148-00,1926-07-18,97
Milena Da Rocha,"alameda araújo, 53
piratininga
43263289 freitas da prata / ms",RIO GRANDE DO NORTE,864.129.570-49,1944-01-20,80
Eduarda Aragão,"viela de sales, 68
nova esperança
18765-887 da rocha paulista / to",MATO GROSSO DO SUL,362.578.140-90,1947-10-07,76
Sr. Ian Barbosa,"morro ryan da luz, 43
vila nova gameleira 2ª seção
51932151 santos / pb",CEARÁ,149.706.235-70,1957-10-27,66
Ian Cardoso,"área ferreira
jardim montanhês
48456-726 rodrigues / ap",RIO GRANDE DO SUL,731.240.968-78,1940-04-23,83
Vitor Gabriel Ferreira,"conjunto farias, 36
silveira
70212-072 freitas / se",PIAUÍ,916.428.705-01,1970-10-29,53
Rodrigo Melo,"praia marina da rosa
são jorge 3ª seção
85701195 azevedo / ac",CEARÁ,982.136.054-89,1980-07-04,43
Anthony Rezende,"via de viana, 68
beija flor
12487-147 barros / sc",SÃO PAULO,831.756.409-66,1930-07-16,93
Sra. Bianca Farias,"viela campos, 2
anchieta
65687060 gonçalves / mg",ACRE,783.506.142-26,1991-10-30,32
João Carvalho,"vereda de aragão, 15
horto
91408-129 novaes / rr",RIO GRANDE DO NORTE,298.370.514-50,1932-10-22,91
Benício Da Costa,"vereda de souza, 13
europa
86657-778 pires / pr",ACRE,783.564.021-07,1995-07-03,28
Yuri Alves,"colônia da costa, 7
ouro minas
16870883 oliveira / se",CEARÁ,896.315.072-03,1937-10-16,86
Gabriela Da Rosa,"vale de caldeira, 8
ribeiro de abreu
20825-399 nunes dos dourados / al",SANTA CATARINA,210.396.874-31,1947-12-18,76
Eduarda Da Conceição,"praia de silva, 91
joão pinheiro
24305-998 nogueira / es",ESPÍRITO SANTO,238.670.945-00,1925-01-09,99
Vicente Aragão,"avenida da luz
vila inestan
75092-067 pinto de nascimento / al",DISTRITO FEDERAL,875.032.149-88,1927-11-03,96
Srta. Sabrina Teixeira,"estrada de da rosa, 69
jonas veiga
77228702 da costa / ap",RIO DE JANEIRO,682.413.095-89,1936-06-01,87
Antônio Santos,"morro da rocha, 84
tirol
24197526 moura / mt",PERNAMBUCO,198.572.630-03,1938-09-14,85
Dr. Lucca Pinto,"estrada sabrina freitas, 40
acaba mundo
89103366 campos da prata / df",MATO GROSSO DO SUL,526.938.714-09,2002-10-26,21
Emilly Vieira,"recanto miguel moraes, 45
penha
68905986 novaes / rs",MATO GROSSO,924.508.631-33,1952-11-01,71
Dr. Gabriel Da Mata,"feira de farias, 28
horto
10092-770 fogaça de ribeiro / rs",ACRE,701.684.923-69,1965-02-28,59
Emanuella Azevedo,"sítio moura, 50
ápia
72380-665 melo da prata / go",BAHIA,406.759.813-01,1954-11-23,69
Ana Julia Rocha,"trevo davi lucca da cruz, 72
boa união 1ª seção
10620881 da costa de goiás / pi",TOCANTINS,618.542.930-60,1976-08-18,47
Milena Castro,"chácara da mota, 218
conjunto floramar
77257-467 freitas da praia / rj",PERNAMBUCO,482.675.391-82,1964-02-06,60
Lavínia Peixoto,"feira martins, 78
estrela do oriente
98698651 souza da prata / rn",DISTRITO FEDERAL,204.378.591-50,1951-11-08,72
Enzo Gabriel Gomes,"setor luiz henrique monteiro, 4
madri
31999823 nascimento / mg",DISTRITO FEDERAL,893.267.104-40,1995-12-20,28
Laura Fogaça,"chácara de da mota, 4
pompéia
37543-030 correia / pa",ALAGOAS,196.027.534-80,1989-12-12,34
Sr. Vitor Da Mata,Endereço não informado!!,RIO GRANDE DO SUL,062.317.498-78,1963-10-06,60
Sophie Pinto,"residencial noah mendes
vila atila de paiva
80740422 vieira das pedras / sc",RONDÔNIA,023.874.619-40,1995-01-27,29
Sr. Kaique Peixoto,"fazenda moraes, 80
vila vista alegre
10237716 rezende / es",SANTA CATARINA,726.980.354-47,1962-03-20,62
Luiz Henrique Mendes,"travessa leandro da mata, 898
vila sesc
45312-734 pinto verde / ro",PARÁ,248.671.095-76,1934-01-18,90
Sr. Felipe Barros,"área raquel moura, 8
mangabeiras
98516774 freitas das pedras / to",Desconhecido,569.174.380-57,1975-04-08,48
Ana Beatriz Pereira,"condomínio de santos
jaraguá
26568-369 da paz / mg",SANTA CATARINA,798.130.564-01,1970-01-01,54
Sr. Rafael Silva,"estação lara almeida, 67
sagrada família
07156-430 correia / pe",MARANHÃO,238.694.105-15,1997-04-26,26
Dra. Olivia Mendes,"residencial de mendes
jardim guanabara
59537-246 fernandes do galho / rr",SERGIPE,189.425.703-05,1933-10-10,90
Eduardo Sales,"aeroporto emanuel barros, 4
tres marias
65237-430 alves das flores / df",PERNAMBUCO,052.439.678-74,1984-12-11,39
André Rodrigues,"trecho gomes, 3
barreiro
95102-156 fernandes do amparo / go",PIAUÍ,375.146.289-91,1951-02-18,73
Sophia Cavalcanti,"alameda paulo da cruz, 70
vila madre gertrudes 3ª seção
39239-552 ribeiro / pr",AMAZONAS,092.836.475-56,1932-05-25,91
Carolina Sales,"residencial pinto, 95
etelvina carneiro
81148942 rezende / df",BAHIA,519.078.623-40,1992-02-06,32
Lucas Monteiro,"lagoa de silveira, 91
trevo
06218590 cavalcanti / pi",MARANHÃO,654.938.217-37,1947-06-29,76
João Felipe Dias,"condomínio moura, 504
santa helena
43343-451 moreira do norte / se",SERGIPE,850.643.912-42,1972-04-03,52
Dr. Ian Fogaça,"distrito de cavalcanti
vila barragem santa lúcia
47512-712 peixoto / rj",TOCANTINS,248.307.519-32,1931-01-25,93
Lorena Barros,"favela letícia jesus, 34
novo ouro preto
49782-391 caldeira de minas / mg",ALAGOAS,785.063.942-10,1940-04-24,83
Sra. Ana Clara Teixeira,"feira de da conceição, 796
mangabeiras
18099340 farias / se",RORAIMA,760.213.958-59,1974-11-23,49
Natália Monteiro,"morro de ramos
conjunto taquaril
44747-230 da luz de da rocha / am",RIO GRANDE DO SUL,481.507.239-60,1942-10-22,81
Eduarda Duarte,"quadra lopes, 69
vila da paz
26521494 cardoso / ce",ACRE,893.752.061-30,2003-10-10,20
Larissa Carvalho,"jardim de carvalho, 5
santo andré
16152-953 lopes das pedras / al",RORAIMA,632.785.914-37,1932-05-21,91
Lara Moraes,"vereda araújo, 18
garças
60268-221 das neves do amparo / pi",PARANÁ,549.683.127-09,2005-09-02,18
Sophie Da Rosa,"pátio fernandes, 59
vila ouro minas
16613784 correia / am",SÃO PAULO,254.937.810-50,1926-10-06,97
Olivia Martins,"jardim vinicius caldeira, 28
jonas veiga
92977-860 fernandes / df",CEARÁ,391.758.460-39,1941-04-13,82
Thomas Barros,"passarela de araújo, 123
andiroba
73587-974 peixoto / am",GOIÁS,105.832.679-12,1951-07-31,72
Davi Luiz Azevedo,"rodovia eduarda ramos, 87
engenho nogueira
24750-721 da mota / pb",SÃO PAULO,478.213.906-31,1964-11-30,59
Danilo Santos,"viela ana júlia fernandes, 25
pirineus
80993-491 caldeira do oeste / ac",PARÁ,297.468.531-55,1926-12-17,97
Sr. Enzo Porto,"vereda cauê barbosa, 141
conjunto providencia
93386492 da rosa de minas / ma",MATO GROSSO,496.105.872-67,1925-04-20,98
Bianca Alves,"campo rodrigues, 351
brasil industrial
54149-753 barros de lopes / ms",SANTA CATARINA,304.856.971-57,1956-11-22,67
Alexia Das Neves,"residencial de sales, 5
vila cloris
86404551 novaes das flores / se",RONDÔNIA,267.095.384-00,1938-04-16,85
Esther Campos,"área de castro, 108
nova vista
35970-851 da mota de da conceição / pi",SÃO PAULO,523.648.017-53,1965-07-25,58
Ana Júlia Freitas,"estrada fernanda jesus, 2
santa margarida
84192258 ramos / ac",GOIÁS,584.163.270-17,1965-06-28,58
Maria Vitória Da Mata,"lagoa pietro da cruz, 524
vila santa monica 2ª seção
97865-496 carvalho / ro",PARÁ,826.549.107-76,1967-01-02,57
Ryan Da Mata,"rodovia de porto, 90
marieta 2ª seção
21253207 cavalcanti da praia / go",ALAGOAS,172.394.650-80,2003-06-17,20
Emilly Ribeiro,"parque de gomes, 71
mala e cuia
39690-144 ribeiro / pa",RIO GRANDE DO NORTE,584.039.721-05,2002-03-16,22
Bernardo Pinto,"esplanada de moura, 30
vila petropolis
06003-306 silveira de minas / pa",PERNAMBUCO,217.358.960-12,1929-10-07,94
Nicole Peixoto,"distrito moraes
indaiá
48826-926 fernandes / ms",MINAS GERAIS,829.610.543-89,1956-12-02,67
Isaac Da Conceição,"lago da luz, 59
suzana
31058-064 oliveira grande / am",GOIÁS,867.904.512-85,1948-11-10,75
Davi Lucca Santos,"favela beatriz da costa, 77
antonio ribeiro de abreu 1ª seção
84156036 pereira / rj",RIO DE JANEIRO,571.896.432-73,1962-01-22,62
Paulo Lopes,"passarela davi lucca lopes, 37
ernesto nascimento
98206-073 viana das pedras / mg",MARANHÃO,186.920.475-11,1956-05-05,67
Sophie Vieira,"vereda de da mota, 564
jaqueline
26975-832 da cunha verde / ma",PIAUÍ,938.740.256-83,1987-06-09,36
Rodrigo Da Cruz,"favela costa, 372
serra
52549990 da mota / go",SÃO PAULO,648.157.092-11,1973-01-20,51
Sr. Samuel Barbosa,"distrito jesus, 34
vila rica
50869292 sales / rs",AMAZONAS,903.148.725-23,1993-12-08,30
Dr. Cauê Ramos,"viela de castro, 27
álvaro camargos
66324-461 campos de da conceição / df",RONDÔNIA,109.742.536-34,1953-07-26,70
Bruno Jesus,"campo moreira, 48
tirol
08973-162 moraes de almeida / rn",ESPÍRITO SANTO,354.129.068-42,1997-03-19,27
Lívia Correia,"favela de da rocha, 6
carlos prates
05310779 moura / ms",MATO GROSSO,843.267.059-65,1972-01-20,52
Enrico Da Rocha,"condomínio maria julia cavalcanti
vila são dimas
11528497 moraes / pa",PERNAMBUCO,241.085.396-05,1997-08-11,26
Rafaela Aragão,"chácara maria fernanda castro
marajó
14151560 cardoso / pb",SÃO PAULO,269.480.317-22,1950-06-18,73
Dr. Marcos Vinicius Farias,"ladeira castro
jardim são josé
72626-905 da cruz alegre / ma",PERNAMBUCO,475.216.309-80,1936-01-19,88
Larissa Lopes,"largo cavalcanti, 96
floramar
83933940 pires / sc",PERNAMBUCO,015.672.389-12,1946-03-27,78
Isadora Carvalho,"pátio de da paz, 57
são joão
47963078 da rosa / sc",SÃO PAULO,917.830.264-13,1924-09-06,99
Sr. Vitor Da Rocha,"recanto de novaes, 32
serra do curral
05842-432 barros / to",RIO DE JANEIRO,234.809.516-51,1946-05-21,77
Isadora Pereira,"jardim stella da costa, 91
pompéia
17635-424 rocha verde / ba",MATO GROSSO,501.489.326-06,1932-01-08,92
Dr. Bernardo Da Cunha,"residencial marina azevedo, 89
lagoinha leblon
75184-425 moraes de goiás / mt",PARAÍBA,147.253.908-79,1973-10-24,50
Gabrielly Mendes,"praça joão rezende, 30
céu azul
16339-527 vieira / rj",RORAIMA,954.823.710-50,1977-04-13,46
Sr. Bruno Da Mata,"chácara alice ferreira, 678
vila calafate
86268453 teixeira de da conceição / to",GOIÁS,473.961.502-99,1930-03-18,94
Breno Rocha,"estação de rodrigues
tres marias
70341-376 martins das pedras / pa",SERGIPE,237.651.094-52,1964-05-01,59
Luigi Ferreira,"trevo vieira
nossa senhora aparecida
77209-204 silveira / ap",MATO GROSSO,148.627.593-19,1954-08-11,69
Davi Lucca Da Cruz,"sítio de novaes, 75
vila são dimas
20206-108 sales grande / al",ALAGOAS,862.147.309-78,1952-08-19,71
Henrique Almeida,"área da costa, 29
dona clara
76291-483 peixoto / ms",CEARÁ,824.936.710-31,1964-10-26,59
Dr. Vitor Hugo Caldeira,"feira da costa, 17
vila dos anjos
20897515 oliveira da serra / se",GOIÁS,943.521.086-42,1988-01-29,36
Alexia Souza,"lagoa alves, 97
buritis
77554-758 dias / mt",PIAUÍ,348.750.169-48,1953-09-20,70
Luiza Azevedo,"recanto elisa da mota, 8
alípio de melo
27537027 da rocha / al",RONDÔNIA,683.725.094-92,1950-10-15,73
Dr. Kaique Da Mota,"setor vinicius moraes, 475
nossa senhora aparecida
22195398 nascimento / to",MINAS GERAIS,143.052.798-60,1932-10-03,91
Laura Lima,"área oliveira, 91
são paulo
64776374 nunes / sp",BAHIA,051.892.473-41,1941-07-19,82
Raul Rodrigues,"aeroporto da rocha, 499
estrela
98010-973 lopes do campo / ba",BAHIA,039.428.156-05,1969-03-10,55
Joaquim Melo,"ladeira ribeiro, 6
vila santo antônio
39990-961 peixoto / pe",PERNAMBUCO,305.162.978-21,1932-11-23,91
Benjamin Cardoso,"trevo da cunha, 2
são bento
96921591 correia / al",MARANHÃO,054.738.621-44,1943-09-08,80
João Miguel Lopes,"via de nunes, 63
olaria
31900805 alves / es",ALAGOAS,741.632.085-26,1990-05-07,33
Letícia Da Mota,"travessa de lopes, 205
mariano de abreu
95876862 moreira / ce",SERGIPE,587.163.902-02,2000-02-26,24
Levi Da Rocha,"via brenda cunha, 49
vila da ária
86881385 pereira das flores / ac",RIO GRANDE DO NORTE,840.965.372-92,1983-10-09,40
Lorena Caldeira,"praça ana luiza fernandes, 5
conjunto jatoba
06539-736 peixoto / ba",MATO GROSSO,625.938.410-60,1971-02-02,53
Cauê Nogueira,"recanto melo
conjunto providencia
67379023 sales grande / es",PARAÍBA,473.829.561-64,1927-08-30,96
Sra. Yasmin Ferreira,"lago de da cunha, 6
custodinha
00656680 alves / rn",RIO DE JANEIRO,805.297.631-68,1938-08-29,85
Nicole Almeida,"chácara joão gabriel nogueira
goiania
01170-828 farias da prata / mg",BAHIA,529.718.403-79,1934-03-05,90
Fernando Pereira,"trecho de rodrigues, 659
alto das antenas
14069474 rocha do sul / pr",MATO GROSSO,560.237.918-59,1977-03-11,47
Breno Pereira,"residencial gabriela azevedo, 35
vila rica
93794-457 barros do sul / pi",SERGIPE,916.278.345-91,1995-08-09,28
Clara Dias,"conjunto da conceição, 39
outro
24816322 cardoso do norte / df",MATO GROSSO,190.853.247-50,1985-11-16,38
Dra. Milena Vieira,"campo camila das neves, 14
granja de freitas
50083-987 farias / mg",PARÁ,237.186.094-87,1954-09-16,69
Vitor Gabriel Porto,"residencial luiza correia, 598
savassi
71706-964 da costa / es",ALAGOAS,394.076.152-43,1937-06-14,86
Sr. Erick Da Rosa,"núcleo de caldeira
vila são joão batista
94501805 da cruz de duarte / al",MINAS GERAIS,971.680.543-84,1998-12-14,25
Marcos Vinicius Da Cunha,"lagoa de rodrigues, 23
vila nova
35353077 martins verde / rn",RIO GRANDE DO NORTE,709.168.342-04,1991-07-25,32
Sra. Nina Pires,"viela eloah cunha, 42
vila suzana primeira seção
51015-275 da mota / rs",SÃO PAULO,651.847.023-26,1979-09-23,44
Felipe Ribeiro,"núcleo maria julia cunha, 21
vila santa rosa
63315732 castro de minas / pe",MATO GROSSO,259.386.014-60,1946-10-24,77
Maria Julia Porto,"alameda nascimento
vila suzana primeira seção
96587270 da luz / go",ALAGOAS,864.015.273-07,1989-01-18,35
Pedro Cardoso,"travessa de da rosa, 86
itaipu
42656-531 santos de fogaça / pa",PARAÍBA,125.370.849-50,1988-05-28,35
Rebeca Da Paz,"sítio de costa, 5
pantanal
19576291 costa / to",PARANÁ,047.196.853-66,1966-04-11,57
Enrico Gonçalves,"campo bernardo barros
conjunto são francisco de assis
33001-880 ramos / mg",SÃO PAULO,637.954.128-46,1940-01-24,84
Murilo Campos,"recanto silva
joão paulo ii
63796-922 da cunha / sp",ACRE,031.429.876-22,1926-09-20,97
Olivia Porto,"conjunto almeida, 3
bela vitoria
21477072 martins do oeste / ac",RIO GRANDE DO SUL,608.592.743-65,1985-12-23,38
Mirella Da Conceição,"pátio joão lucas cardoso, 77
maria tereza
79930-769 martins / am",SANTA CATARINA,854.702.193-05,1984-11-21,39
Stephany Cardoso,"praia luiz gustavo da luz, 83
são joão batista
28346057 ribeiro paulista / ro",BAHIA,453.287.196-46,1934-06-09,89
Sr. Enrico Melo,"esplanada farias, 252
caetano furquim
48121749 barros da mata / go",PIAUÍ,829.635.104-89,1924-09-05,99
Dr. Gabriel Souza,"rodovia de costela, 116
são geraldo
32543-886 vieira dos dourados / ce",PERNAMBUCO,432.516.079-52,2000-06-21,23
Davi Jesus,"quadra vieira, 230
cdi jatoba
20549693 cavalcanti de da costa / ro",BAHIA,914.326.570-70,1972-11-27,51
Guilherme Freitas,"trecho de caldeira, 369
santa sofia
92148278 pereira / se",SANTA CATARINA,517.032.496-07,1980-07-12,43
Theo Costa,"largo joão santos, 10
vila batik
12375502 gonçalves / rn",RONDÔNIA,705.914.826-49,1942-07-20,81
Dr. Gustavo Henrique Das Neves,"setor juliana fogaça, 605
piraja
18088-133 barbosa de minas / ma",MATO GROSSO DO SUL,430.965.178-00,1925-11-26,98
Maria Luiza Gomes,"área ana vitória martins, 56
xodo-marize
75746599 campos / ba",SERGIPE,821.346.507-53,1944-11-02,79
Davi Lucas Peixoto,"área thomas moraes, 58
canaa
13457754 fogaça / rj",ACRE,610.347.258-07,1987-04-07,36
Bruna Almeida,"chácara mendes, 64
varzea da palma
34300875 pereira de aragão / pr",RIO GRANDE DO NORTE,610.958.743-57,1952-03-26,72
Juliana Ramos,"vale de duarte, 5
horto florestal
61116-966 costela da prata / am",DISTRITO FEDERAL,846.532.901-05,2003-07-11,20
Sarah Nascimento,"alameda das neves, 1
planalto
82186-975 gonçalves de minas / mt",ACRE,560.143.972-99,1946-06-30,77
Brenda Da Luz,"viela danilo farias, 54
lagoa
03246-491 gomes / pe",MATO GROSSO DO SUL,037.641.982-22,1950-03-11,74
Heloísa Da Costa,"favela correia, 6
vila dos anjos
59071766 da luz das flores / se",MATO GROSSO DO SUL,648.975.132-19,1943-08-12,80
Emanuella Araújo,"rodovia maria julia peixoto
jardim guanabara
02953-469 almeida / ac",PIAUÍ,758.319.462-82,1960-02-21,64
Vitor Viana,"trecho de oliveira, 41
urca
99982495 monteiro do norte / ac",TOCANTINS,036.791.524-34,1958-04-13,65
Yago Lopes,"lagoa danilo fogaça, 756
nova gameleira
87198340 peixoto do oeste / ro",PARANÁ,720.351.896-59,1948-05-05,75
Lívia Souza,"colônia de correia, 93
laranjeiras
00380618 cunha / ce",TOCANTINS,308.769.421-50,1988-09-11,35
Gabriela Cavalcanti,"setor oliveira, 4
são josé
88628-790 moraes do sul / ma",MATO GROSSO DO SUL,359.710.248-41,1967-04-05,56
Enzo Nogueira,"morro de ferreira
vila são joão batista
46105897 moreira verde / mg",PIAUÍ,309.527.864-00,1942-01-30,82
Dr. Ian Barbosa,"alameda eduardo barros, 60
gameleira
29659334 peixoto / pi",PIAUÍ,412.836.097-03,1933-04-10,90
Gabriela Rocha,"área joaquim nogueira, 98
pedreira padro lopes
80157-244 carvalho / ma",RIO GRANDE DO NORTE,348.067.512-35,1989-11-17,34
Maria Julia Martins,"loteamento de nunes, 83
jatobá
30147296 costa de viana / pb",MINAS GERAIS,576.129.803-12,1942-11-12,81
Dra. Marina Santos,"viela alana souza, 456
união
33893264 almeida / df",RIO GRANDE DO SUL,950.827.316-02,1966-04-11,57
Heloísa Teixeira,"viela de da cruz, 61
bonsucesso
08463-362 castro / pa",GOIÁS,635.018.274-07,1936-05-23,87
Paulo Farias,"esplanada thomas pires, 33
providencia
74600883 azevedo do sul / ap",SÃO PAULO,593.618.240-15,1951-11-18,72
Gabrielly Cardoso,"estrada da cruz
aparecida
12482-253 alves / ap",ACRE,127.539.460-43,1928-07-26,95
Davi Aragão,"residencial de cardoso, 66
vila santo antônio
46634145 da cruz paulista / se",PARANÁ,598.126.074-20,1988-09-24,35
Yago Peixoto,"condomínio de nunes, 436
vila betânia
68017-566 azevedo do campo / pi",PARAÍBA,380.294.156-05,1929-02-12,95
Erick Da Conceição,"morro nunes, 657
ipe
17146-952 campos / ce",MINAS GERAIS,983.705.642-83,1963-08-25,60
Isis Araújo,"praia de campos, 82
vila oeste
65663001 aragão / sp",AMAPÁ,216.940.837-13,1954-06-08,69
Dr. Nicolas Rezende,"esplanada marcela castro, 36
flavio de oliveira
21776950 ribeiro de da mata / pa",PARAÍBA,460.951.872-49,1982-07-01,41
Sr. Samuel Nascimento,"setor luana ramos
nova pampulha
49464321 melo da prata / ac",SERGIPE,914.356.082-24,1958-12-09,65
Sra. Maria Fernanda Barbosa,"esplanada pedro nascimento, 71
vila são paulo
82047968 silveira / go",PARÁ,718.340.692-03,1934-11-02,89
Luiz Felipe Farias,"favela kaique fogaça, 19
castelo
89539-314 farias de goiás / al",PARÁ,069.853.472-74,1943-04-26,80
Sr. Calebe Silva,"rodovia de castro
santa branca
68988668 carvalho do norte / es",GOIÁS,402.895.671-49,1962-05-24,61
Emanuella Gonçalves,Endereço não informado!!,GOIÁS,107.258.963-02,1954-07-17,69
Augusto Oliveira,"colônia costa, 81
vera cruz
52635474 das neves / ro",GOIÁS,246.503.781-17,1992-02-27,32
Pedro Azevedo,"vale vieira, 49
comiteco
80646514 moraes da prata / rs",MARANHÃO,953.478.062-65,1956-03-02,68
Sra. Maria Luiza Fogaça,"recanto de moreira, 426
santo agostinho
33803068 lima do oeste / mt",AMAPÁ,650.138.924-06,1956-12-12,67
Eduarda Oliveira,"sítio clarice sales, 99
silveira
99374-144 da mota do norte / pb",SERGIPE,365.297.480-83,1965-09-27,58
Paulo Ramos,"sítio azevedo
vila mantiqueira
13648723 novaes de da mota / df",MATO GROSSO,490.257.316-43,2002-11-13,21
Beatriz Pires,"recanto de castro
centro
11181216 nogueira / ma",MINAS GERAIS,275.691.803-21,1990-03-11,34
Fernando Azevedo,"estação rafael nunes, 90
jardim são josé
13086960 mendes / ro",DISTRITO FEDERAL,790.612.435-99,1995-05-19,28
Eloah Silva,"viela da rocha, 160
barão homem de melo 2ª seção
03877874 santos / ba",PERNAMBUCO,037.562.194-61,1935-03-30,89
Caio Araújo,"morro ribeiro, 11
casa branca
18090-665 costela de duarte / go",AMAZONAS,407.953.128-14,1989-12-18,34
Sra. Valentina Sales,"sítio ramos, 73
cachoeirinha
27212763 jesus / mg",PARANÁ,269.401.378-31,1939-08-08,84
Melissa Cunha,"ladeira luiza pinto, 9
conjunto minas caixa
29866-751 aragão / mt",PERNAMBUCO,719.234.568-73,1999-02-17,25
Laís Da Paz,"lagoa cavalcanti, 12
vila ecológica
95149381 da rocha da serra / sp",BAHIA,139.650.248-33,1927-01-09,97
Heitor Silveira,"avenida azevedo
santa maria
65167615 souza de aragão / ma",ACRE,183.062.459-89,1935-02-19,89
Fernanda Moraes,"avenida rocha, 13
alta tensão 2ª seção
99471-813 silva de lopes / pi",RORAIMA,064.153.782-44,1979-03-18,45
Alana Souza,"praia moreira, 1
cardoso
95586377 rezende / se",PIAUÍ,801.249.653-42,1973-12-06,50
Srta. Caroline Da Rosa,"passarela rocha, 96
buraco quente
12527333 pinto do galho / sp",CEARÁ,192.846.350-98,1972-05-26,51
Stephany Vieira,"travessa guilherme carvalho, 7
jonas veiga
17310105 moraes da mata / ms",TOCANTINS,682.430.791-22,1977-05-22,46
Enzo Barros,"estação fernandes, 85
nova floresta
99679-423 melo verde / go",MINAS GERAIS,794.105.632-16,1957-01-13,67
Caroline Peixoto,"loteamento thales pires, 51
vila união
19864-623 jesus / rr",SERGIPE,036.519.782-30,1957-11-02,66
Maria Vitória Novaes,"via vieira, 26
ouro preto
40712368 oliveira de gonçalves / go",RORAIMA,804.951.672-58,1984-08-08,39
Bruna Moura,"quadra amanda martins, 4
universo
19144-449 novaes / mg",RIO GRANDE DO SUL,240.561.398-06,1930-02-13,94
Maitê Peixoto,"distrito caldeira, 95
serra
65997-329 ribeiro da serra / pi",RIO GRANDE DO NORTE,501.274.968-58,1962-04-07,61
Dr. Anthony Barbosa,"distrito de fogaça, 13
pompéia
53877441 vieira / ap",MINAS GERAIS,749.318.650-20,2004-03-18,20
Alexandre Jesus,"aeroporto de fogaça, 74
vila santa monica 2ª seção
60502356 fogaça / ba",PIAUÍ,269.471.530-34,1955-03-01,69
Marcos Vinicius Campos,"trecho de barbosa, 7
são josé
35218-132 da cunha / rj",DISTRITO FEDERAL,421.936.780-22,1978-11-19,45
João Miguel Moura,"praça de costela, 38
renascença
34606-474 da mota / ms",RORAIMA,371.528.490-05,1894-07-21,129
Ana Júlia Cardoso,"praia da mata, 88
vila piratininga venda nova
49395-768 barbosa / rj",BAHIA,096.825.473-00,1917-10-02,106
Stella Rodrigues,"loteamento maria alice costela, 63
santa maria
89945979 lopes / es",TOCANTINS,870.629.354-92,1897-10-11,126
Rebeca Da Rosa,"trecho da mata
barroca
57152686 da mata do oeste / sc",SERGIPE,640.731.289-22,2013-01-01,11
Henrique Monteiro,"largo theo silva, 91
nossa senhora da conceição
58201009 santos do amparo / sp",ESPÍRITO SANTO,378.529.164-73,2018-03-09,6
Ana Beatriz Teixeira,"viaduto ferreira, 22
goiania
03047145 teixeira do galho / pe",PIAUÍ,243.675.018-17,1916-03-14,108
Luigi Da Rosa,"pátio de rocha, 4
cinquentenário
90133939 ribeiro / mg",RIO GRANDE DO NORTE,316.092.874-87,2018-08-23,5
Melissa Dias,"quadra isabel castro, 40
biquinhas
73474-780 porto / pi",SÃO PAULO,170.842.953-05,2014-02-21,10
Beatriz Nunes,"praça das neves, 274
são jorge 3ª seção
04812917 moraes / sc",RIO GRANDE DO SUL,483.651.072-44,1894-05-24,129
Raquel Campos,"estação ana lívia farias, 3
vila santa rosa
29209623 da cunha do sul / go",SERGIPE,213.869.074-13,1899-08-19,124
Alícia Nascimento,"aeroporto alícia vieira, 84
comiteco
22332319 costela / to",RONDÔNIA,578.310.692-59,1913-03-27,111
Maria Julia Vieira,"vale oliveira, 15
gameleira
25736494 martins / pr",MATO GROSSO,495.821.760-67,1905-03-20,119
Igor Ramos,"lago de caldeira, 4
beija flor
80339055 gonçalves de da mata / ac",PERNAMBUCO,695.108.723-77,2017-06-29,6
Alice Cardoso,"viaduto araújo, 76
são bento
81023-402 das neves de castro / pr",BAHIA,123.467.985-09,2019-10-14,4
Julia Das Neves,"praça maria sophia da cunha, 71
vila batik
49888-794 porto paulista / pi",PERNAMBUCO,201.495.378-32,1901-06-30,122
Kamilly Rezende,"setor de pires, 39
conjunto jatoba
35413804 silveira / ro",MINAS GERAIS,470.598.623-74,1883-06-04,140
Breno Freitas,"loteamento de ferreira, 24
nova suíça
04025468 teixeira / pa",AMAZONAS,205.941.738-41,2008-03-03,16
Ana Lívia Da Paz,"ladeira gomes, 10
califórnia
16710644 silva da praia / rj",DISTRITO FEDERAL,347.890.162-69,2006-09-01,17
Sr. Daniel Cavalcanti,"núcleo de da paz, 894
sion
45639-116 da cruz de pereira / go",MARANHÃO,609.138.254-33,2018-01-09,6
Sr. Pedro Cavalcanti,"recanto de melo
nossa senhora do rosário
07870886 monteiro / ba",MATO GROSSO,863.591.470-84,2022-12-20,1
João Melo,"via de santos, 172
jardinópolis
11026-705 cardoso / al",ALAGOAS,053.946.781-20,,5225
Eloah Viana,"chácara isabella melo, 9
engenho nogueira
48263-090 cardoso / pb",PARAÍBA,694.108.237-22,,8890
Catarina Vieira,"lagoa moraes, 1
fazendinha
30786-621 nunes / go",AMAPÁ,631.847.925-28,,6850
Dra. Emanuelly Da Luz,"trevo peixoto, 13
jardim alvorada
88114547 moura do norte / rs",AMAPÁ,549.076.831-20,,-398
Júlia Araújo,"passarela de alves, 45
conjunto celso machado
63777708 das neves / al",PARÁ,324.091.587-14,,4068
Enrico Aragão,"trevo de porto
jardim leblon
25265042 costela / am",PERNAMBUCO,496.017.253-34,,2841
Sr. Bruno Pires,"quadra pinto, 896
nova gameleira
15951-609 da mata verde / am",PERNAMBUCO,428.176.095-49,,-283
Daniela Freitas,"aeroporto de pires, 59
nossa senhora da conceição
58048-330 nascimento / ce",RONDÔNIA,786.951.432-28,,-620
Samuel Caldeira,"campo monteiro
cabana do pai tomás
43706555 correia de da mata / ap",RIO GRANDE DO SUL,801.726.935-86,,3324
Aaaaaaaaaaaaaaaaaaaaaaaaaaaaaaaaaaaaaaaaaaaaaaaaaaaaaa,"colônia da rocha, 31
jardim américa
88480-773 barros de goiás / rn",ALAGOAS,930.674.852-38,1985-10-14,38
Aaaaaaaaaaaaaaaaaaaaaaaaaaaaaaaaaaaaaaaaaaaaaaaaaaaaaa,"estrada nogueira, 21
atila de paiva
84689-543 nogueira / pb",MATO GROSSO DO SUL,146.597.038-00,1930-08-27,93
Renan Da Luz,"rua não cadastrada
bairro não cadastrado
00000000 cidade não cadastrada / pr",SÃO PAULO,294.105.738-23,1949-07-29,74
Caroline Costa,"rua não cadastrada
bairro não cadastrado
00000000 cidade não cadastrada / rs",PERNAMBUCO,401.325.978-88,2003-02-20,21
Giovanna Farias,"rua não cadastrada
bairro não cadastrado
00000000 cidade não cadastrada / rj",RIO GRANDE DO SUL,241.763.805-35,1983-08-14,40
Maitê Araújo,"rua não cadastrada
bairro não cadastrado
00000000 cidade não cadastrada / rs",PIAUÍ,496.283.175-55,1971-07-10,52
Lavínia Da Mota,"rua não cadastrada
bairro não cadastrado
00000000 cidade não cadastrada / es",RORAIMA,039.485.716-00,2003-01-31,21
Igor Cardoso,"rua não cadastrada
bairro não cadastrado
00000000 cidade não cadastrada / am",PARAÍBA,345.061.892-05,1975-01-25,49
Maria Julia Campos,"rua não cadastrada
bairro não cadastrado
00000000 cidade não cadastrada / mg",TOCANTINS,018.639.472-13,1925-08-08,98
Marcos Vinicius Das Neves,"rua não cadastrada
bairro não cadastrado
00000000 cidade não cadastrada / ro",SÃO PAULO,617.948.250-02,1938-03-23,86
Isabel Barbosa,"rua não cadastrada
bairro não cadastrado
00000000 cidade não cadastrada / mg",CEARÁ,986.027.415-02,1997-12-17,26
Ryan Gomes,"rua não cadastrada
bairro não cadastrado
00000000 cidade não cadastrada / sp",ACRE,861.029.453-60,1966-05-17,57
Breno Duarte,"rua não cadastrada
bairro não cadastrado
00000000 cidade não cadastrada / to",RIO DE JANEIRO,463.105.289-98,1957-10-07,66
Eloah Peixoto,"rua não cadastrada
bairro não cadastrado
00000000 cidade não cadastrada / mg",SERGIPE,064.917.253-16,1944-05-23,79
Luiza Sales,"rua não cadastrada
bairro não cadastrado
00000000 cidade não cadastrada / go",RIO GRANDE DO SUL,726.431.850-80,1968-05-01,55
Dr. Alexandre Sales,"rua não cadastrada
bairro não cadastrado
00000000 cidade não cadastrada / sp",SÃO PAULO,427.398.061-40,1936-06-05,87
Alícia Campos,"rua não cadastrada
bairro não cadastrado
00000000 cidade não cadastrada / go",PIAUÍ,162.790.485-94,1975-03-20,49
Luigi Porto,"parque de santos, 88
são joão
60112-833 rodrigues / pi",ESPÍRITO SANTO,826.509.374-83,1980-08-18,43
